8000284;Nürnberg Hbf;1121;49.44562;11.08299
8011162;Ostkreuz;1101;52.50304;13.46911
8011306;Berlin-Friedrichstraße;1097;52.52037;13.38721
8000105;Frankfurt (Main) Hbf;1064;50.10715;8.66379
8000085;Düsseldorf Hbf;1060;51.21996;6.79432
8011160;Berlin Hauptbahnhof;1053;52.52559;13.36955
8004429;Frankfurt (Main) Konstablerwache;1048;50.11462;8.68710
8000207;Köln Hbf;1043;50.94303;6.95873
8000261;München Hbf;1035;48.14023;11.55833
8006692;Frankfurt (Main) Hauptwache;1024;50.11393;8.67895
8000096;Stuttgart Hbf;1009;48.78408;9.18163
8000098;Essen Hbf;998;51.45135;7.01479
8004135;München Marienplatz;992;48.13705;11.57539
8011155;Alexanderplatz;973;52.52148;13.41096
8004132;München Karlsplatz;962;48.13945;11.56562
8000908;Berliner Tor;958;53.55287;10.02463
8011102;Berlin Gesundbrunnen;955;52.54896;13.38851
8089045;Warschauer Straße;942;52.50598;13.45165
8010403;Berlin-Charlottenburg;924;52.50421;13.30233
8004158;München-Pasing;917;48.14985;11.46187
8003368;Köln Messe/Deutz;911;50.94087;6.97500
8011113;Berlin Südkreuz;909;52.47505;13.36532
8000262;München Ost;900;48.12744;11.60497
8010205;Leipzig Hbf;894;51.34547;12.38206
8002549;Hamburg Hbf;890;53.55274;10.00691
8010406;Berlin Zoologischer Garten;876;52.50728;13.33199
8002553;Hamburg-Altona;875;53.55269;9.93517
8000080;Dortmund Hbf;874;51.51790;7.45929
8000086;Duisburg Hbf;870;51.42979;6.77590
8011118;Berlin Potsdamer Platz;863;52.50938;13.37599
8000152;Hannover Hbf;861;52.37676;9.74102
8000013;Augsburg Hbf;859;48.36544;10.88557
8000041;Bochum Hbf;859;51.47861;7.22328
8010224;Magdeburg Hbf;858;52.13035;11.62689
8002041;Frankfurt (Main) Süd;857;50.09936;8.68646
8002548;Hamburg Dammtor;855;53.56075;9.98957
8000805;Barmbek;853;53.58746;10.04416
8003137;Jungfernstieg;852;53.55219;9.99388
8004128;München Donnersbergerbrücke;849;48.14262;11.53654
8006700;Stuttgart Stadtmitte;836;48.77623;9.17292
8000050;Bremen Hbf;834;53.08348;8.81383
8010041;Berlin-Schöneweide Pbf;828;52.45513;13.50939
8010255;Berlin Ostbahnhof;822;52.51049;13.43468
8010404;Berlin-Spandau;822;52.53465;13.19690
8010036;Berlin-Lichtenberg;820;52.51014;13.49669
8000266;Wuppertal Hbf;813;51.25436;7.14954
8004130;München Harras;804;48.11775;11.53631
8010159;Halle (Saale) Hbf;797;51.47751;11.98709
8000147;Hamburg-Harburg;792;53.45591;9.99170
8011167;Jungfernheide;785;52.53028;13.29944
8089080;Berlin-Pankow;779;52.56648;13.41077
8000244;Mannheim Hbf;776;49.47935;8.46892
8000156;Heidelberg Hbf;770;49.40357;8.67544
8089474;Schöneberg;768;52.47938;13.35207
8000209;Köln-Mülheim;765;50.95799;7.01330
8010085;Dresden Hbf;762;51.04056;13.73203
8001585;Düsseldorf-Bilk;761;51.20799;6.77558
8000044;Bonn Hbf;757;50.73201;7.09714
8000240;Mainz Hbf;741;50.00112;8.25872
8000286;Oberhausen Hbf;739;51.47488;6.85159
8010184;Chemnitz Hbf;732;50.83970;12.93088
8002550;Holstenstraße;730;53.56176;9.94974
8089036;Rathaus Steglitz;729;52.45583;13.32295
8010089;Dresden-Neustadt;721;51.06590;13.74070
8089096;Wittenau (Wilhelmsruher Damm);721;52.59704;13.33445
8000309;Regensburg Hbf;721;49.01167;12.09962
8000235;Ludwigsburg;720;48.89186;9.18542
8000274;Neuss Hbf;720;51.20435;6.68453
8000191;Karlsruhe Hbf;718;48.99352;8.40218
8089077;Berlin-Neukölln;712;52.46942;13.44306
8000299;Pforzheim Hbf;708;48.89415;8.70310
8089020;Landsberger Allee;703;52.52959;13.45457
8000263;Münster (Westf) Hbf;703;51.95657;7.63572
8000199;Kiel Hbf;700;54.31499;10.13198
8005663;Stadthausbrücke;693;53.54946;9.98480
8000170;Ulm Hbf;693;48.39944;9.98223
8089098;Berlin-Zehlendorf;686;52.43107;13.25866
8089012;Feuerbachstraße;684;52.46355;13.33258
8004267;Harburg Rathaus;682;53.46069;9.98046
8000291;Oldenburg (Oldb) Hbf;680;53.14432;8.22271
8003518;Landungsbrücken;678;53.54613;9.97128
8089024;Berlin-Nordbahnhof;677;52.53207;13.38846
8000142;Hagen Hbf;663;51.36275;7.46025
8000106;Frankfurt-Höchst;662;50.10263;8.54237
8089110;Messe Nord / ICC (Witzleben);657;52.50753;13.28345
8089050;Yorckstraße;657;52.49117;13.37213
8089013;Berlin Frankfurter Allee;654;52.51517;13.47441
8002038;Frankfurt (Main) Lokalbahnhof;653;50.10217;8.69303
8010101;Erfurt Hbf;650;50.97255;11.03850
8000107;Freiburg (Breisgau) Hbf;648;47.99770;7.84117
8089089;Berlin-Tegel;638;52.58800;13.28978
8000259;Mülheim (Ruhr) Hbf;635;51.43134;6.88651
8003361;Köln Süd;631;50.92730;6.93806
8004129;München-Hackerbrücke;630;48.14197;11.54857
8004151;München-Laim Pbf;627;48.14437;11.50367
8089131;Wedding;622;52.54325;13.36817
8000260;Würzburg Hbf;611;49.80180;9.93578
8000314;Reutlingen Hbf;610;48.49608;9.20912
8000211;Krefeld Hbf;608;51.32572;6.56989
8003759;Ludwigshafen (Rhein) Mitte;606;49.47901;8.45215
8089044;Berlin Brandenburger Tor;606;52.51651;13.38181
8089019;Jannowitzbrücke;605;52.51427;13.41935
8001844;Erlangen;604;49.59583;11.00164
8004136;München Rosenheimer Platz;604;48.12917;11.59305
8006699;Stuttgart Feuersee;604;48.77277;9.16627
8012666;Potsdam Hbf;603;52.39151;13.06670
8089105;Hermannstraße;598;52.46751;13.43131
8000114;Fürth (Bay) Hbf;597;49.46971;10.98999
8001582;Düsseldorf Wehrhahn;592;51.22845;6.79817
8012202;Leipzig Wilhelm-Leuschner-Platz;592;51.33540;12.37539
8000208;Köln-Ehrenfeld;590;50.95153;6.91728
8000068;Darmstadt Hbf;584;49.87250;8.62964
8005778;Stuttgart-Zuffenhausen;584;48.82941;9.16674
8004131;München Isartor;574;48.13420;11.58323
8003766;Ludwigshafen-Oggersheim;572;49.49319;8.38152
8006198;Wandsbeker Chaussee;570;53.56973;10.05997
8005769;Stuttgart-Bad Cannstatt;570;48.80138;9.21753
8089090;Berlin-Tempelhof;568;52.47097;13.38455
8003184;Karlsruhe-Durlach;565;49.00233;8.46282
8000253;Mönchengladbach Hbf;563;51.19658;6.44611
8006711;Bochum West;562;51.48146;7.21122
8089037;Savignyplatz;560;52.50509;13.31927
8089034;Priesterweg;559;52.45991;13.35628
8002045;Frankfurt-Eschersheim;559;50.15858;8.65543
8089008;Bornholmer Straße;559;52.55449;13.39794
8000141;Tübingen Hbf;558;48.51581;9.05541
8000250;Wiesbaden Hbf;557;50.07079;8.24373
8003200;Kassel-Wilhelmshöhe;556;51.31311;9.44690
8089039;Schönhauser Allee;555;52.54920;13.41546
8070146;Sternschanze;554;53.56372;9.96720
8010304;Rostock Hbf;553;54.07825;12.13108
8089047;Berlin-Westkreuz;552;52.50074;13.28397
8000036;Bielefeld Hbf;544;52.02926;8.53272
8000010;Aschaffenburg Hbf;540;49.98056;9.14370
8000118;Gelsenkirchen Hbf;540;51.50490;7.10245
8070004;Frankfurt (Main) Flughafen Regionalbahnhof;539;50.05122;8.57125
8070003;Frankfurt am Main Flughafen Fernbahnhof;539;50.05317;8.57019
8004148;München-Giesing;535;48.11080;11.59635
8000149;Hamm (Westf) Hbf;530;51.67808;7.80782
8000206;Koblenz Hbf;528;50.35093;7.58835
8089017;Hackescher Markt;528;52.52262;13.40236
8002554;Hamburg-Bergedorf;527;53.48983;10.20617
8089059;Friedrichsfelde Ost;527;52.51417;13.52025
8089052;Berlin-Adlershof;523;52.43503;13.54113
8089112;Heidelberger Platz;523;52.47997;13.31202
8001082;Bonn-Bad Godesberg;520;50.68393;7.15956
8089106;Innsbrucker Platz;519;52.47808;13.34220
8000294;Osnabrück Hbf;513;52.27285;8.06178
8000237;Lübeck Hbf;510;53.86755;10.66982
8070090;Offenbach Marktplatz;509;50.10585;8.76363
8006552;Wolfsburg Hbf;508;52.42950;10.78778
8089107;Bundesplatz;507;52.47762;13.32959
8003341;Koblenz Stadtmitte;506;50.35771;7.58999
8012940;Schwerin Mitte;505;53.62691;11.40533
8001584;Düsseldorf-Benrath;504;51.16229;6.87893
8004661;Ohlsdorf;504;53.62087;10.03197
8005419;München Heimeranplatz;502;48.13296;11.53150
8005767;Stuttgart Nord;501;48.80377;9.18803
8089537;Julius-Leber-Brücke;499;52.48652;13.36127
8089002;Berlin Anhalter Bahnhof;497;52.50349;13.38136
8089004;Baumschulenweg;495;52.46724;13.49010
8004542;Oberhausen-Sterkrade;494;51.51209;6.84354
8002058;Frankfurt (Main) Ostendstraße;493;50.11256;8.69699
8004179;München-Hirschgarten;492;48.14354;11.51924
8004241;Nettelnburg;491;53.48789;10.18141
8006719;Wuppertal-Oberbarmen;490;51.27384;7.22148
8001520;Dortmund-Stadthaus;489;51.50783;7.46876
8000049;Braunschweig Hbf;488;52.25222;10.54030
8089069;Berlin-Köpenick;487;52.45861;13.58094
8013444;Dresden Mitte;481;51.05617;13.72411
8089033;Prenzlauer Allee;477;52.54462;13.42641
8004134;München Leuchtenbergring;475;48.13425;11.61599
8006705;Reeperbahn;473;53.54967;9.95767
8089109;Berlin-Halensee;472;52.49625;13.29033
8011901;Berlin-Hohenschönhausen;469;52.56600;13.51242
8089011;Greifswalder Straße;466;52.54002;13.43956
8089104;Köllnische Heide;465;52.46965;13.46781
8004473;Nürnberg Rothenburger Straße;463;49.44540;11.05534
8089026;Nöldnerplatz;462;52.50350;13.48445
8006690;Frankfurt (Main) Galluswarte;455;50.10403;8.64472
8001920;Esslingen (Neckar);454;48.73881;9.30008
8002042;Frankfurt (Main) West;448;50.11886;8.63934
8006691;Frankfurt (Main) Taunusanlage;448;50.11357;8.66886
8004162;München-Trudering;438;48.12607;11.66338
8006713;Leverkusen Mitte;437;51.03151;6.99166
8000236;Ludwigshafen (Rhein) Hbf;435;49.47799;8.43340
8000193;Kassel Hbf;433;51.31826;9.48950
8004142;München-Berg am Laim;431;48.13400;11.63330
8089116;Westhafen;426;52.53625;13.34425
8000323;Saarbrücken Hbf;425;49.24106;6.99102
8005770;Stuttgart-Feuerbach;423;48.81367;9.16938
8000164;Herne;422;51.54365;7.21783
8006062;Veddel;422;53.52170;10.01331
8004137;München Siemenswerke;421;48.09450;11.53280
8089114;Lankwitz;421;52.43875;13.34195
8089102;Karl-Bonhoeffer-Nervenklinik;420;52.57805;13.32918
8000082;Düsseldorf Flughafen;420;51.29201;6.78684
8089075;Berlin-Marzahn;416;52.54361;13.54134
8006596;Wuppertal-Barmen;416;51.26697;7.19516
8010324;Schwerin Hbf;415;53.63474;11.40746
8000150;Hanau Hbf;414;50.12095;8.92900
8000021;Bad Kreuznach;413;49.84240;7.86644
8006698;Stuttgart Schwabstraße;413;48.77025;9.15696
8089043;Treptower Park;413;52.49356;13.46144
8000134;Trier Hbf;413;49.75685;6.65245
8000512;Alte Wöhr;412;53.59793;10.03542
8089103;Alt-Reinickendorf;405;52.57809;13.34962
8004469;Nürnberg Nordost;403;49.47398;11.10612
8089040;Springpfuhl;402;52.52635;13.53674
8089041;Storkower Straße;401;52.52391;13.46440
8000961;Dortmund-Hörde;400;51.48778;7.50003
8002561;Wilhelmsburg;400;53.49894;10.00701
8000238;Lüneburg;399;53.24966;10.41989
8089111;Westend;399;52.51807;13.28464
8005556;Siegburg/Bonn;393;50.79391;7.20303
8003519;Landwehr;393;53.56120;10.03802
8000180;Waiblingen;392;48.82612;9.29988
8001900;Essen-Altenessen;390;51.48437;7.00725
8002039;Frankfurt (Main) Ost;390;50.11257;8.70864
8004442;Nürnberg-Dürrenhof;389;49.44804;11.09753
8000001;Aachen Hbf;387;50.76780;6.09150
8010405;Berlin-Wannsee;386;52.42097;13.17953
8089051;Yorckstraße (Großgörschenstraße);386;52.49229;13.36780
8000192;Wanne-Eickel Hbf;380;51.53126;7.16578
8003844;Mannheim-Neckarau;380;49.45555;8.49479
8089327;Sonnenallee;378;52.47310;13.45585
8012184;Leipzig Bayerischer Bahnhof;378;51.32927;12.38166
8089048;Wollankstraße;377;52.56548;13.39179
8005776;Stuttgart-Vaihingen;373;48.72628;9.11323
8010226;Magdeburg-Neustadt;373;52.14884;11.64170
8005191;Rothenburgsort;372;53.53848;10.04395
8000115;Fulda;371;50.55472;9.68398
8000349;Offenbach (Main) Hbf;371;50.09926;8.76074
8070704;Aachen Schanz;370;50.76986;6.07384
8000025;Bamberg;369;49.90076;10.89949
8089018;Humboldthain;369;52.54480;13.37928
8004869;Porz (Rhein);364;50.88291;7.06472
8011041;Berlin-Lichterfelde Ost;364;52.42945;13.32856
8002154;Fürth-Klinikum;362;49.48331;10.96703
8005033;Remscheid Hbf;362;51.17724;7.19998
8003352;Koblenz-Lützel;361;50.36749;7.59161
8089092;Waidmannslust;359;52.60648;13.32100
8000615;Mainz-Kastel;359;50.00658;8.28317
8001586;Düsseldorf-Derendorf;357;51.24762;6.79451
8089010;Buckower Chaussee;356;52.41035;13.38291
8000658;Augsburg Haunstetterstraße;356;48.35529;10.90099
8003816;Mainz Römisches Theater;356;49.99347;8.27756
8000009;Ansbach;354;49.29803;10.57824
8001055;Böblingen;352;48.68776;9.00413
8006620;Wuppertal-Unterbarmen;352;51.25893;7.17121
8006706;Königstraße;351;53.54780;9.94409
8005207;Rübenkamp;347;53.60597;10.03308
8001739;Elbgaustraße;345;53.60258;9.89374
8000298;Passau Hbf;344;48.57363;13.45078
8002586;Hannover-Linden/Fischerhof;343;52.35264;9.72311
8006718;Wuppertal-Vohwinkel;343;51.23426;7.07160
8003310;Köln-Stammheim;340;50.99007;7.00209
8004476;Nürnberg-Dutzendteich;339;49.43707;11.11738
8004719;Othmarschen;338;53.55923;9.88597
8010073;Cottbus Hbf;338;51.75096;14.32416
8004470;Nürnberg-Ostring;337;49.45413;11.11993
8089091;Tiergarten;337;52.51406;13.33639
8001354;Dachau Bahnhof;337;48.25465;11.44426
8010185;Chemnitz Süd;336;50.82377;12.92619
8089005;Bellevue;334;52.51996;13.34826
8000661;Augsburg-Hochzoll;334;48.35298;10.94338
8000157;Heilbronn Hbf;334;49.14331;9.20772
8011426;Dresden-Strehlen;332;51.03068;13.76186
8012343;Leipzig-Völkerschlachtdenkmal;332;51.31874;12.40628
8002558;Hamburg-Rahlstedt;332;53.60486;10.15440
8000377;Weinheim (Bergstr);330;49.55330;8.66535
8089071;Berlin-Lichterfelde West;328;52.44335;13.29373
8013456;Magdeburg-Buckau;327;52.10920;11.63004
8001591;Düsseldorf-Oberbilk;327;51.20805;6.80868
8002559;Stellingen;325;53.58984;9.91834
8001581;Düsseldorf Volksgarten;325;51.21014;6.79198
8002078;Freising;325;48.39520;11.74454
8000135;Troisdorf;324;50.81392;7.15089
8003392;Köln Hansaring;324;50.94913;6.95256
8001007;Blankenese;323;53.56436;9.81461
8089027;Oranienburger Straße;323;52.52521;13.39305
8013476;Dresden-Plauen;322;51.02963;13.70317
8000099;Essen-Steele;321;51.45068;7.07555
8004155;München-Moosach;321;48.18026;11.50624
8089065;Hirschgarten;319;52.45797;13.60213
8000046;Siegen Hbf;319;50.87594;8.01651
8003363;Köln West;319;50.94367;6.93439
8002052;Frankfurt-Rödelheim;318;50.12461;8.60703
8012236;Leipzig-Lindenau;317;51.33376;12.32148
8000406;Aachen-Rothe Erde;316;50.77020;6.11648
8000271;Neumünster;316;54.07575;9.97982
8010280;Potsdam Charlottenhof;314;52.39280;13.03650
8002555;Eidelstedt;314;53.59589;9.90710
8001595;Düsseldorf-Unterrath;313;51.27673;6.78878
8004147;München-Feldmoching;313;48.21381;11.54132
8004645;Offenbach (Main) Ost;312;50.10276;8.78438
8012801;Rostock Parkstraße;312;54.08524;12.10789
8000124;Gießen;312;50.57906;8.66146
8000404;Aachen West;311;50.78036;6.07071
8000307;Recklinghausen Hbf;310;51.61636;7.20349
8011343;Berlin-Mahlsdorf;308;52.51211;13.61142
8000297;Paderborn Hbf;308;51.71298;8.74051
8004220;Neckarsulm;307;49.18897;9.22007
8000251;Witten Hbf;307;51.43554;7.32944
8000318;Rheydt Hbf;306;51.16303;6.43956
8003487;Hannover-Messe / Laatzen;305;52.31690;9.79286
8000087;Solingen Hbf;305;51.16077;7.00419
8070092;Offenbach-Kaiserlei;304;50.10533;8.73838
8006750;Neuwiedenthal;303;53.47306;9.87743
8000169;Hildesheim Hbf;301;52.16063;9.95350
8004266;Hammerbrook;301;53.54661;10.02361
8006749;Heimfeld;301;53.46548;9.96319
8089042;Sundgauer Straße;300;52.43654;13.27438
8000183;Ingolstadt Hbf;300;48.74454;11.43734
8002628;Hasselbrook;300;53.56471;10.05613
8003320;Köln Trimbornstrasse;299;50.93586;6.99673
8089023;Mexikoplatz;299;52.43694;13.23271
8002050;Frankfurt (Main) Niederrad;298;50.08128;8.63707
8001516;Dortmund-Lütgendortmund;298;51.50073;7.33418
8089108;Hohenzollerndamm;297;52.48856;13.30026
8080070;Babelsberg;296;52.39139;13.09287
8006509;Mannheim-Luzenberg;294;49.51720;8.47777
8000290;Offenburg;294;48.47648;7.94672
8002681;HD-Weststadt/Südstadt;293;49.39832;8.68875
8089058;Friedenau;293;52.47059;13.34139
8000032;Schweinfurt Hbf;292;50.03531;10.21292
8000038;Bietigheim-Bissingen;290;48.94793;9.13756
8000092;Elmshorn;290;53.75402;9.65941
8011956;Jena Paradies;288;50.92486;11.58746
8006136;Waggonfabrik;288;50.01492;8.23511
8002048;Frankfurt-Mainkur;287;50.13460;8.76744
8000055;Bruchsal;286;49.12462;8.58965
8000028;Bayreuth Hbf;286;49.94962;11.57999
8089118;Beusselstraße;285;52.53435;13.32904
8000662;Augsburg-Oberhausen;284;48.38077;10.87253
8004862;Poppenbüttel;284;53.65218;10.09403
8003102;Itzehoe;283;53.92387;9.51029
8006696;München-Neuperlach Süd;283;48.08868;11.64518
8002034;Frankfurt (Main) Mühlberg;282;50.10161;8.70150
8001308;Düsseldorf-Eller Mitte;282;51.20206;6.83861
8001523;Dortmund-Aplerbeck;281;51.49015;7.55319
8004320;Neuss Am Kaiser;281;51.22035;6.69753
8089007;Johannisthal;279;52.44691;13.52368
8000712;Bad Homburg;279;50.21990;8.62062
8089064;Berlin-Hermsdorf;278;52.61778;13.30769
8001580;Düsseldorf Flughafen Terminal;275;51.27852;6.76698
8010366;Weimar;275;50.99149;11.32646
8000853;Opladen;274;51.06618;7.00877
8089087;Berlin-Schönholz;274;52.57142;13.38111
8000100;Euskirchen;274;50.65776;6.79219
8004144;München-Englschalking;272;48.15691;11.64833
8000031;Bensheim;272;49.68133;8.61672
8010026;Bautzen;271;51.17310;14.42873
8005220;Rüsselsheim;271;49.99164;8.41358
8001590;Düsseldorf-Gerresheim;271;51.22036;6.86393
8089030;Plänterwald;270;52.47854;13.47313
8003187;Karlsruhe-Mühlburg;269;49.01456;8.35113
8000112;Friedrichshafen Stadt;269;47.65322;9.47390
8002557;Hamburg-Neugraben;269;53.47414;9.85205
8004485;Nürnberg-Schweinau;269;49.43438;11.04540
8001594;Düsseldorf-Reisholz;267;51.18078;6.86095
8002806;Herzogenrath;267;50.87092;6.09449
8080660;Magdeburg-Hasselbachplatz;267;52.12239;11.62532
8010109;Flughafen BER - Terminal 5 (Schönefeld);267;52.39106;13.51271
8000128;Göttingen;266;51.53681;9.92607
8003541;Langenfelde;266;53.57969;9.93092
8006513;Stuttgart Universität;266;48.74584;9.10540
8005773;Stuttgart-Rohr;265;48.71790;9.10833
8000127;Göppingen;263;48.70003;9.65197
8089084;Berlin-Rummelsburg;262;52.50131;13.47836
8010131;Görlitz;261;51.14677;14.97908
8089329;Heerstraße;260;52.50812;13.25938
8006730;Neu-Ulm;260;48.39304;10.00482
8000081;Dortmund-Dorstfeld;260;51.50938;7.42486
8001902;Essen-Borbeck;260;51.47310;6.94846
8001593;Düsseldorf-Rath Mitte;259;51.26114;6.80840
8006623;Wuppertal Zoologischer Garten;259;51.24347;7.10702
8089472;Lichterfelde Süd;258;52.41090;13.30904
8005870;Tiefstack;258;53.53122;10.06559
8080930;Leipzig-Sellerhausen;257;51.34518;12.42467
8001164;Bremen-Sebaldsbrück;256;53.06135;8.88738
8002461;Gütersloh Hbf;255;51.90694;8.38507
8003652;Leonberg;255;48.79965;9.00385
8003199;Kassel-Oberzwehren;255;51.27635;9.45403
8003358;Köln Frankfurter Straße;254;50.91522;7.05126
8000073;Singen (Hohentwiel);253;47.75844;8.84038
8000189;Kaiserslautern Hbf;251;49.43614;7.76872
8002046;Frankfurt-Griesheim;251;50.09433;8.60639
8003400;Konstanz;250;47.65875;9.17731
8000337;Marburg (Lahn);250;50.81927;8.77501
8003312;Klein Flottbek;250;53.55817;9.86112
8000047;Bottrop Hbf;250;51.50945;6.93668
8003737;Lörrach Museum/Burghof;249;47.60796;7.66120
8000257;Worms Hbf;249;49.63494;8.35645
8089063;Berlin-Grünau;246;52.41303;13.57350
8002785;Herrenberg;246;48.59399;8.86266
8010208;Leipzig-Paunsdorf;246;51.34430;12.44434
8004819;Pinneberg;245;53.65518;9.79761
8000453;Freiburg Messe/Universität;244;48.01292;7.83267
8004419;Dortmund-Universität;244;51.49274;7.41771
8001603;Düsseldorf Völklinger Straße;244;51.21021;6.76043
8089056;Berlin-Blankenburg;244;52.59116;13.44333
8000070;Delmenhorst;243;53.05279;8.62976
8000316;Rheine;243;52.27630;7.43426
8002828;Hilden Süd;243;51.16368;6.93737
8079632;Frankfurt am Main Messe;243;50.11200;8.64337
8001592;Düsseldorf-Rath;242;51.26412;6.82106
8011971;Chemnitz Mitte;242;50.82663;12.91259
8003843;Mannheim-Käfertal;242;49.50156;8.50377
8011491;Leipzig-Engelsdorf;242;51.34395;12.47763
8089078;Nikolassee;241;52.43181;13.19364
8002106;Friedrichsberg;241;53.57633;10.05743
8000002;Aalen Hbf;241;48.84101;10.09627
8001517;Dortmund-Knappschaftskrankenhaus;241;51.51877;7.53746
8089061;Berlin-Frohnau;241;52.63276;13.28993
8010125;Gera Hbf;238;50.88342;12.07709
8089074;Berlin-Marienfelde;238;52.42363;13.37513
8000048;Bielefeld-Brackwede;238;51.99738;8.49843
8002580;Hannover Bismarckstraße;238;52.35646;9.76973
8000216;Landau (Pfalz) Hbf;237;49.19774;8.12620
8011201;Flughafen BER - Terminal 1-2;237;52.36480;13.51195
8003020;Siegen-Weidenau;236;50.89597;8.02984
8005598;Solingen-Mitte;236;51.16574;7.08872
8000317;Rheinhausen;236;51.39351;6.70648
8000780;Bahrenfeld;236;53.56006;9.91078
8004487;Nürnberg-Steinbühl;236;49.44284;11.06820
8089081;Pankow-Heinersdorf;236;52.57796;13.42936
8006197;Hamburg-Tonndorf;234;53.58638;10.12305
8001579;Düsseldorf-Friedrichstadt;233;51.21197;6.78906
8002224;Gelsenkirchen-Buer Nord;233;51.58725;7.05059
8004316;Neuss Rheinpark-Center;233;51.20618;6.71715
8089330;Olympiastadion;233;52.51117;13.24239
8011431;Dresden Freiberger Straße;232;51.04799;13.71986
8000217;Landshut (Bay) Hbf;232;48.54749;12.13593
8000084;Düren;232;50.80952;6.48245
8003395;Kohlscheid;232;50.83173;6.07449
8012805;Rostock Holbeinplatz;232;54.09330;12.09947
8000383;Wetzlar;232;50.56563;8.50382
8012271;Rostock Lütten Klein;231;54.13822;12.06499
8002689;Heidenheim;230;48.68017;10.15664
8010102;Erfurt Nord;229;51.00336;11.02928
8003669;Leverkusen-Manfort;229;51.03162;7.01513
8002753;Hennef (Sieg);229;50.77333;7.28459
8079095;Hannover-Nordstadt;229;52.39384;9.71776
8001598;Düsseldorf-Flingern;229;51.22624;6.81028
8000111;Friedberg (Hess);229;50.33261;8.76206
8010397;Zwickau (Sachs) Hbf;228;50.71467;12.47472
8010195;Köthen;227;51.75193;11.98936
8001583;Düsseldorf Zoo;226;51.23696;6.79692
8089053;Stresow;225;52.53198;13.20913
8013470;Bernau (b Berlin);225;52.67557;13.59264
8003364;Köln-Buchforst;224;50.95349;7.00433
8002269;Gießen Oswaldsgarten;224;50.58835;8.66914
8000367;Duisburg-Meiderich Süd;224;51.46883;6.78019
8001091;Bonn UN Campus;224;50.71454;7.11801
8010126;Gera Süd;223;50.87116;12.07644
8000899;Bergisch Gladbach;223;50.99146;7.12455
8003848;Mannheim-Waldhof;221;49.52566;8.48260
8010206;Leipzig-Connewitz;221;51.30072;12.38631
8000039;Bingen (Rhein) Hbf;220;49.96873;7.88426
8012193;Leipzig-Möckern;220;51.36443;12.35227
8004357;Stuttgart Nürnberger Straße;220;48.80642;9.23486
8004474;Bochum-Langendreer West;219;51.47803;7.30433
8000255;Wolfenbüttel;218;52.15913;10.53231
8002584;Hannover-Kleefeld;218;52.37361;9.79061
8011418;Dresden Industriegelände;218;51.08746;13.76277
8012196;Leipzig Nord;218;51.36416;12.40106
8012187;Leipzig MDR;217;51.32007;12.38632
8003076;Ingolstadt Nord;217;48.77369;11.43225
8000687;Mülheim (Ruhr)-Styrum;217;51.44920;6.85264
8001167;Bremen-Walle;217;53.10379;8.78624
8000103;Flensburg;217;54.77404;9.43653
8004596;Oberursel (Taunus);217;50.19942;8.58941
8012186;Leipzig Markt;216;51.34064;12.37461
8013481;Golm;216;52.40977;12.97186
8004161;München-Solln;216;48.07992;11.52695
8003545;Langenhagen-Mitte;216;52.44028;9.72543
8005241;Saarbrücken Ost;215;49.23042;7.01879
8002673;Hechingen;215;48.35960;8.96878
8001084;Bonn-Duisdorf;215;50.71648;7.04255
8001156;Bremen-Burg;215;53.16029;8.70477
8089022;Mehrower Allee;215;52.55776;13.55370
8003375;Köln-Müngersdorf Technologiepark;214;50.94839;6.88820
8012803;Rostock-Bramow;214;54.10175;12.09055
8002068;Freiburg-Littenweiler;213;47.98167;7.89513
8003411;Kornwestheim Pbf;213;48.86222;9.17996
8002283;Gladbeck Ost;213;51.57553;6.99481
8000329;Schwäbisch Gmünd;212;48.80101;9.78779
8002572;Hanau Nord;212;50.14143;8.92585
8003523;Langen (Hess);212;49.99361;8.65679
8006421;Wiesloch-Walldorf;211;49.29135;8.66415
8005106;Rissen;211;53.58322;9.75706
8001901;Essen-Bergeborbeck;211;51.48040;6.97711
8089003;Attilastraße;211;52.44768;13.36095
8012807;Rostock-Marienehe;211;54.11177;12.08007
8002141;Fürstenfeldbruck;210;48.17166;11.26215
8003360;Köln Geldernstr/Parkgürtel;210;50.96855;6.94141
8000178;Horrem;210;50.91625;6.71350
8000162;Herford;210;52.11961;8.66364
8012273;Leipzig Mockauer Straße;210;51.37380;12.41210
8002049;Frankfurt-Nied;210;50.10252;8.57073
8004965;Ravensburg;209;47.78448;9.60610
8000302;Plochingen;209;48.71308;9.41081
8004157;München-Obermenzing;208;48.16422;11.47812
8000760;Bad Vilbel;208;50.18868;8.73946
8010160;Halle-Neustadt;207;51.48006;11.92063
8001974;Fellbach;207;48.82005;9.26998
8000171;Unna;207;51.53898;7.69286
8000644;Moers;206;51.45115;6.64154
8000971;Billwerder-Moorfleet;206;53.51559;10.09666
8089009;Botanischer Garten;206;52.44778;13.30677
8000227;Iserlohn-Letmathe;206;51.36284;7.61840
8010133;Jena-Göschwitz;205;50.88394;11.59354
8004163;München-Westkreuz;205;48.14903;11.44394
8005424;Schorndorf;205;48.80715;9.52631
8001338;Coburg;205;50.26293;10.95733
8003365;Köln-Chorweiler;204;51.02113;6.89782
8001597;Düsseldorf-Hamm;204;51.21077;6.74033
8000016;Backnang;203;48.94268;9.42599
8003732;Lövenich;203;50.94293;6.83444
8001526;Dortmund-Asseln Mitte;203;51.52622;7.58384
8000125;Gladbeck West;203;51.57492;6.97639
8000339;Mühlacker;203;48.95319;8.84610
8010136;Gotha;203;50.93907;10.71257
8010113;Frankfurt (Oder);202;52.33642;14.54650
8005775;Stuttgart-Untertürkheim Pbf;202;48.77975;9.25057
8000229;Limburg (Lahn);201;50.38412;8.06234
8004139;München-Untermenzing;201;48.17767;11.47279
8001543;Dortmund-Mengede;201;51.57035;7.37437
8004168;Flughafen München;201;48.35373;11.78597
8011957;Jena West;201;50.92329;11.57785
8000197;Kempten (Allgäu) Hbf;201;47.71175;10.31761
8004481;Nürnberg-Mögeldorf;200;49.45921;11.13387
8004338;Neuwirtshaus (Porscheplatz);200;48.83382;9.15250
8001404;Deisenhofen;200;48.01954;11.58360
8012309;Markkleeberg Mitte;200;51.28018;12.36974
8012308;Markkleeberg;200;51.27903;12.37261
8001085;Bonn-Mehlem;200;50.66915;7.18134
8001913;Essen-Steele Ost;199;51.44420;7.08856
8089068;Berlin-Kaulsdorf;199;52.51209;13.58894
8002873;Hochkamp;199;53.56137;9.84208
8089095;Berlin-Wilhelmsruh;199;52.58145;13.36298
8004149;München-Johanneskirchen;199;48.16764;11.64606
8003075;Ingelheim;198;49.97628;8.05372
8001420;Detmold;198;51.94074;8.87286
8070091;Offenbach Ledermuseum;198;50.10599;8.75048
8005574;Sindelfingen;198;48.70389;8.99907
8001506;Dormagen;198;51.09949;6.81484
8012197;Leipzig-Wahren;197;51.38069;12.32148
8010060;Brandenburg Hbf;197;52.40055;12.56614
8000774;Baden-Baden;197;48.79033;8.19083
8010377;Potsdam Park Sanssouci;196;52.39411;13.01451
8002491;Haar;196;48.11141;11.73115
8010186;Leipzig Karlsruher Straße;196;51.31724;12.27927
8004948;Ratingen Ost;196;51.29518;6.86356
8004873;Porz-Wahn;195;50.85813;7.07927
8002024;Forchheim (Oberfr);195;49.71707;11.06986
8006053;Vaihingen (Enz);195;48.94812;8.95763
8004181;München-Freiham;195;48.14000;11.41011
8006479;Winnenden;195;48.87958;9.39229
8089060;Berlin-Friedrichshagen;194;52.45725;13.62460
8004689;Osnabrück Altstadt;194;52.28093;8.04590
8004246;Neu Isenburg;194;50.05305;8.66561
8002794;Hersbruck (rechts Pegnitz);193;49.51007;11.42383
8001532;Dortmund-Huckarde Nord;193;51.53367;7.41509
8000953;Bielefeld Ost;192;52.02401;8.55942
8001587;Düsseldorf-Eller;192;51.20267;6.85193
8011422;Dresden-Niedersedlitz Hp;192;50.99965;13.82840
8000943;Biberach (Riß);191;48.10184;9.79313
8002935;Hofheim (Taunus);191;50.08447;8.44384
8089070;Lichtenrade;190;52.38730;13.39617
8002051;Frankfurt-Höchst Farbwerke;190;50.09856;8.52873
8011695;Potsdam Griebnitzsee;190;52.39443;13.12873
8003841;Mannheim ARENA / Maimarkt;189;49.45979;8.51636
8000566;Amberg;189;49.44762;11.86290
8004141;München-Aubing;189;48.15597;11.41331
8089035;Raoul-Wallenberg-Straße;188;52.55068;13.54746
8003936;Dortmund-Wickede West;188;51.52945;7.60722
8003540;Langenfeld (Rheinl);188;51.10268;6.93828
8010088;Dresden-Klotzsche;188;51.11467;13.78911
8000306;Rastatt;188;48.86048;8.21562
8004486;Nürnberg-Stein;188;49.42555;11.01817
8000311;Remscheid-Lennep;187;51.19072;7.25283
8010093;Eberswalde Hbf;187;52.83402;13.79706
8013477;Erkner;187;52.42756;13.75224
8004138;München St Martin Straße;186;48.11854;11.59578
8001315;Buxtehude;186;53.47049;9.68831
8001588;Düsseldorf-Eller Süd;186;51.19807;6.83613
8001898;Essen West;186;51.45450;6.97980
8000366;Villingen (Schwarzw);186;48.05802;8.46526
8002551;Elbbrücken;186;53.53482;10.02466
8002685;Heidelberg-Altstadt;185;49.41524;8.72089
8013479;Falkensee;185;52.55977;13.08964
8005031;Essen-Borbeck Süd;185;51.46167;6.95392
8011420;Dresden-Dobritz;185;51.01161;13.80848
8003198;Kassel-Kirchditmold;185;51.32456;9.45220
8011046;Berlin-Karow;185;52.61488;13.46920
8006688;Unterschleißheim;184;48.27370;11.56863
8002059;Frankfurt (Main) Stresemannallee;184;50.09444;8.67125
8006006;Germering-Unterpfaffenhofen;184;48.12887;11.36402
8000275;Neustadt (Weinstr) Hbf;183;49.34955;8.14076
8089473;Osdorferstraße;183;52.41884;13.31429
8000214;Kreuztal;183;50.95603;7.99170
8001083;Bonn-Beuel;182;50.73848;7.12766
8002573;Hanau West;182;50.13195;8.90882
8010207;Leipzig-Leutzsch;182;51.35400;12.30374
8000181;Husum;181;54.47227;9.05503
8003729;Lörrach Hbf;180;47.61405;7.66542
8003720;Lochham;180;48.12825;11.43089
8005772;Stuttgart-Obertürkheim;180;48.76201;9.26789
8004048;Mittlerer Landweg;180;53.49817;10.13112
8004232;Neckarsulm Mitte;180;49.19341;9.22294
8000348;Stolberg (Rheinl) Hbf;179;50.79448;6.21748
8002047;Frankfurt-Louisa;179;50.08396;8.67037
8005439;Schwabach;179;49.32619;11.03535
8001903;Essen-Dellwig;179;51.48792;6.92227
8001904;Essen-Dellwig Ost;179;51.48760;6.92721
8001327;Castrop-Rauxel Hbf;178;51.57353;7.30398
8089055;Biesdorf;177;52.51310;13.55588
8006217;Wasseralfingen;177;48.85862;10.10365
8000148;Hameln;177;52.10185;9.37591
8002060;Frankfurt am Main Gateway Gardens;176;50.05657;8.59450
8000265;Neckargemünd;176;49.39368;8.78843
8000761;Bad Vilbel Süd;176;50.17870;8.73348
8000832;Leverkusen Chempark;176;51.01141;6.99667
8089054;Altglienicke;176;52.40730;13.55875
8001712;Eilendorf;176;50.78556;6.15437
8000239;Lünen Hbf;176;51.61713;7.52949
8002841;Münster-Hiltrup;175;51.90476;7.65428
8000320;Rosenheim;175;47.85002;12.11920
8001166;Bremen-Vegesack;175;53.16972;8.62997
8010193;Königs Wusterhausen;175;52.29664;13.63147
8005785;Sülldorf;175;53.58112;9.79752
8004733;Ottobrunn;174;48.06369;11.67779
8000053;Bretten;174;49.03690;8.69345
8000779;Allermöhe;174;53.49036;10.15874
8000618;Aschaffenburg Hochschule;174;49.97445;9.16042
8004057;Mölln (Lauenburg);174;53.62441;10.68321
8005629;Spich;173;50.82673;7.11492
8000268;Wunstorf;173;52.42222;9.45098
8000358;Bochum-Langendreer;173;51.47799;7.32364
8000033;Schwelm;173;51.29053;7.28968
8006226;Wattenscheid;173;51.47321;7.13952
8012304;Markkleeberg Nord;173;51.28800;12.37220
8005366;Heidelberg-Schlierbach-Ziegelhausen;173;49.41531;8.76056
8000163;Tuttlingen;173;47.98058;8.79854
8006709;Dorsten;173;51.65827;6.97050
8004154;München-Mittersendling;173;48.10782;11.53635
8005247;Saarlouis Hbf;173;49.32783;6.75017
8010115;Freiberg (Sachs);172;50.90872;13.34414
8001476;Ditzingen;172;48.82361;9.06705
8000186;Iserlohn;172;51.37329;7.69161
8000037;Schwerte (Ruhr);172;51.44228;7.55896
8000312;Rendsburg;172;54.30226;9.67113
8001909;Essen-Zollverein Nord;172;51.49361;7.04674
8003092;Ismaning;172;48.22601;11.67949
8012478;Leipzig Messe;171;51.39614;12.38928
8010097;Eisenach;171;50.97692;10.33199
8005676;Starnberg;171;47.99596;11.34367
8006227;Wattenscheid-Höntrop;171;51.45989;7.15353
8004827;Planegg (Krailling);171;48.10530;11.41356
8089082;Rahnsdorf;171;52.45154;13.69041
8000880;Radolfzell;170;47.73587;8.96898
8005766;Stuttgart Ebitzweg;170;48.80394;9.23170
8001375;Darmstadt Nord;170;49.89214;8.65431
8002054;Frankfurt-Sossenheim;170;50.11507;8.55353
8004153;München-Lochhausen;169;48.17650;11.40789
8004094;Mosbach (Baden);169;49.35256;9.14366
8089057;Berlin-Buch;169;52.63616;13.49229
8003404;Konstanz Fürstenberg;169;47.67748;9.16285
8001518;Dortmund-Möllerbrücke;169;51.50716;7.45171
8012188;Leipzig-Gohlis;169;51.36286;12.37453
8005779;Stuttgart Österfeld;169;48.73765;9.11677
8070086;Hannover Karl-Wiechert-Allee;169;52.37442;9.80812
8010232;Merseburg Hbf;168;51.35689;11.99055
8013021;Berlin-Staaken;168;52.53769;13.14137
8002055;Frankfurt-Zeilsheim;168;50.09012;8.50601
8002223;Gelsenkirchen Zoo;168;51.53769;7.11110
8005955;Ulm-Söflingen;168;48.40273;9.95885
8089038;Schichauweg;168;52.39884;13.38930
8004488;Nürtingen;168;48.62800;9.34265
8000446;Ahrensburg;168;53.66917;10.23621
8004160;München-Riem Pbf;167;48.14398;11.67805
8000057;Buchloe;167;48.03372;10.71622
8001525;Dortmund-Westerfilde;167;51.54833;7.38021
8005905;Trier Süd;167;49.74463;6.63669
8001086;Bonn-Oberkassel;167;50.71507;7.15930
8000064;Celle Pbf;166;52.62045;10.06247
8002585;Hannover-Leinhausen;166;52.39685;9.67630
8002053;Frankfurt-Sindlingen;166;50.08750;8.51226
8005768;Stuttgart Flughafen/Messe;166;48.69065;9.19263
8004647;Offenbach-Bieber;166;50.09055;8.80837
8001589;Düsseldorf-Garath;166;51.14363;6.89767
8004540;Oberhausen-Holten;166;51.53457;6.81046
8001684;Ehingen (Donau);166;48.28568;9.72434
8004140;München-Allach;165;48.18993;11.46804
8004781;Pfaffenhofen (Ilm);165;48.52243;11.51188
8010338;Stralsund Hbf;165;54.30863;13.07732
8003402;Konz;165;49.69598;6.57431
8001377;Darmstadt Süd;165;49.85543;8.63659
8000089;Stade;164;53.59614;9.47701
8006268;Stuttgart-Weilimdorf;164;48.82208;9.09433
8011424;Dresden-Reick;164;51.02132;13.79051
8003427;Krefeld-Uerdingen;164;51.35728;6.64578
8002980;Holzkirchen;163;47.88438;11.69723
8005490;Schwenningen (Neckar);163;48.05977;8.53586
8000076;Soest;163;51.57842;8.10459
8001160;Bremen-Mahndorf;163;53.03976;8.94463
8000017;Bad Friedrichshall Hbf;163;49.23157;9.19977
8012733;Potsdam-Rehbrücke;163;52.35830;13.09823
8005991;Unterhaching;163;48.06496;11.61236
8001896;Essen Stadtwald;162;51.42285;7.02330
8003371;Köln-Longerich;162;50.99774;6.90156
8013093;Taucha (b Leipzig);162;51.37902;12.48447
8011427;Dresden-Trachau;162;51.08997;13.70388
8006319;Wellingsbüttel;162;53.64133;10.08282
8080840;Leipzig Coppiplatz;162;51.36707;12.36602
8003845;Mannheim-Rheinau;161;49.42409;8.53494
8003856;Marburg Süd;161;50.79447;8.76243
8001910;Essen-Kray Nord;161;51.46943;7.08048
8003782;Lüdenscheid;161;51.22035;7.62872
8006743;Stuttgart Neckarpark;161;48.79217;9.24160
8000078;Donauwörth;161;48.71403;10.77144
8006272;Weil am Rhein;160;47.59397;7.60842
8001376;Darmstadt Ost;160;49.87474;8.67387
8010209;Leipzig-Plagwitz;160;51.32804;12.32208
8003730;Lörrach-Stetten;160;47.60142;7.65903
8001328;Castrop-Rauxel Süd;160;51.55030;7.31019
8011419;Dresden-Cotta;159;51.06216;13.68330
8010275;Plauen (Vogtl) ob Bf;159;50.50616;12.12942
8002757;Heppenheim (Bergstr);158;49.64155;8.63338
8012221;Rostock Lichtenhagen;158;54.15240;12.07087
8004366;Niederdollendorf;158;50.69508;7.18098
8080450;Teltow Stadt;158;52.39691;13.27662
8013475;Dresden-Friedrichstadt;158;51.05603;13.70815
8000051;Bremerhaven Hbf;158;53.53491;8.59956
8002110;Friedrichshafen Hafen;158;47.65121;9.48282
8003160;Hürth-Kalscheuren;157;50.87567;6.91022
8006710;Bochum-Hamme;156;51.49149;7.20094
8005628;Speyer Hbf;156;49.32412;8.42795
8003185;Karlsruhe-Hagsfeld;156;49.02594;8.45364
8001298;Regensburg-Burgweinting;156;48.99043;12.14671
8011771;Leipzig Grünauer Allee;155;51.32091;12.30301
8002953;Hohenlimburg;155;51.34885;7.57169
8079629;Rostock Thierfelder Straße;155;54.07788;12.09991
8001542;Dortmund-Marten Süd;154;51.50798;7.38748
8006664;Zirndorf;154;49.44389;10.95847
8004477;Nürnberg-Eibach;154;49.40960;11.04775
8000226;Lehrte;154;52.37672;9.97460
8089115;Südende;154;52.44846;13.35389
8003672;Leverkusen-Rheindorf;154;51.06426;6.96346
8001530;Dortmund-Derne;153;51.56772;7.52882
8010368;Weißenfels;153;51.20461;11.97093
8004279;Neufahrn (b Freising);153;48.32164;11.66126
8002066;Freiburg-Landwasser;153;48.02880;7.81086
8010256;Nordhausen;152;51.49292;10.78925
8004201;Nagold Stadtmitte;152;48.55127;8.72850
8006236;Wedel (Holst);152;53.58199;9.70516
8003847;Mannheim-Seckenheim;152;49.45096;8.53811
8001915;Essen-Werden;152;51.38683;6.99784
8002560;Hamburg-Wandsbek;152;53.56997;10.07722
8004167;Flughafen München Besucherpark;152;48.35209;11.76418
8000332;Frankenthal Hbf;152;49.53557;8.34970
8010120;Fürstenwalde (Spree);152;52.36686;14.05964
8000388;Hilden;151;51.16702;6.92201
8000331;Andernach;151;50.43454;7.40484
8001215;Brühl;151;50.82925;6.91272
8005597;Solingen-Grünewald;151;51.16390;7.07900
8003735;Lohhof;151;48.28794;11.58081
8000279;Nienburg (Weser);151;52.64557;9.21775
8010345;Suhl;151;50.60515;10.68283
8000276;Neuwied;150;50.43147;7.47313
8000571;Lippstadt;150;51.67069;8.34878
8013241;Waßmannsdorf;150;52.36842;13.46353
8002462;Gummersbach;150;51.02363;7.56631
8004484;Nürnberg-Sandreuth;150;49.42959;11.05465
8001469;Dinslaken;150;51.56746;6.73803
8006409;Wiesbaden-Schierstein;150;50.04759;8.19460
8004146;München-Fasangarten;150;48.09275;11.60601
8003379;Köln Steinstraße;150;50.89556;7.05717
8003168;Kamen;150;51.58522;7.66100
8010162;Halle-Ammendorf;149;51.42413;11.98791
8013483;Hennigsdorf (b Berlin);149;52.63820;13.20534
8089094;Wilhelmshagen;148;52.43871;13.72214
8000174;Viersen;148;51.25495;6.40390
8010003;Altenburg;148;50.99665;12.44402
8000067;Crailsheim;148;49.13787;10.06433
8000252;Minden (Westf);148;52.29014;8.93473
8000241;Mainz-Bischofsheim;148;49.99323;8.35750
8002070;Freiburg-Wiehre;148;47.98241;7.85413
8000130;Goslar;147;51.91157;10.42144
8011430;Potsdam Medienstadt Babelsberg;147;52.38266;13.12228
8006331;Wendlingen (Neckar);147;48.67296;9.37301
8001159;Bremen-Lesum;147;53.17072;8.68615
8001984;Filderstadt;147;48.67649;9.21771
8089088;Berlin-Spindlersfeld;147;52.44716;13.56145
8000254;Wörth (Rhein);147;49.04568;8.27315
8003409;Korntal;146;48.82642;9.12117
8089016;Grünbergallee;146;52.39941;13.54248
8004667;Olching;146;48.20999;11.33560
8098360;Bürstadt (Ried);146;49.64509;8.45925
8001522;Dortmund Signal-Iduna-Park;146;51.49073;7.45757
8010222;Lutherstadt Wittenberg Hauptbahnhof;146;51.86781;12.66229
8000212;Krefeld-Oppum;145;51.32975;6.61009
8002067;Freiburg-Herdern;145;48.00824;7.85097
8003581;Lauf (rechts Pegnitz);145;49.51233;11.27736
8003821;Mainz-Mombach;145;50.02278;8.22937
8001989;Fischbach (b Nürnberg);145;49.41334;11.17407
8006404;Wiesbaden Ost;145;50.04141;8.25629
8000020;Bad Hersfeld;144;50.86963;9.71618
8089062;Berlin-Grunewald;144;52.48869;13.26172
8001529;Dortmund-Brackel;144;51.52076;7.55008
8011523;Rostock Evershagen;144;54.12355;12.06851
8002556;Fischbek;144;53.47473;9.81956
8004528;Oberesslingen;144;48.72988;9.32727
8000220;Weilheim (Oberbay);143;47.84536;11.14286
8006054;Vallendar;143;50.39964;7.60982
8000056;Buchholz (Nordheide);143;53.32468;9.87627
8005774;Stuttgart-Sommerrain;143;48.81527;9.24833
8002545;Halstenbek;143;53.63038;9.83909
8005185;Roth;142;49.24129;11.08251
8001302;Burbach Mitte;142;49.24361;6.94493
8010334;Stendal Hbf;142;52.59472;11.85441
8003040;Idar-Oberstein;142;49.69937;7.32123
8002687;Heidelberg-Pfaffengrund/Wieblingen;141;49.41193;8.64157
8003888;Marl Mitte;141;51.65384;7.09957
8002869;Hochdahl-Millrath;141;51.21650;6.96668
8002071;Freiburg-Zähringen;140;48.02436;7.86373
8002933;Hofgeismar;140;51.49919;9.39546
8011979;Chemnitz-Schönau;140;50.81809;12.87650
8002108;Friedrichsdorf (Taunus);140;50.25249;8.64478
8001236;Dreieich-Buchschlag;140;50.02248;8.66115
8003693;Lindau-Reutin;140;47.55238;9.70329
8010309;Saalfeld (Saale);140;50.65027;11.37458
8005201;Goldberg;139;48.69691;9.02043
8000023;Bad Oldesloe;139;53.80539;10.38254
8000194;Kaufbeuren;139;47.87543;10.62950
8004288;Dortmund-Oespel;139;51.48840;7.38381
8003383;Köln-Weiden West;139;50.94090;6.81514
8001871;Eschborn Süd;139;50.13356;8.57849
8005304;Nürnberg-Gleißhammer;139;49.44446;11.11135
8010318;Schönebeck (Elbe);139;52.01879;11.73316
8002377;Gröbenzell;138;48.19492;11.37411
8004252;Neubiberg;138;48.07585;11.66022
8006582;Würzburg Süd;138;49.78819;9.94350
8010240;Naumburg (Saale) Hbf;138;51.16307;11.79698
8010157;Halberstadt;138;51.89931;11.07345
8013237;Warnemünde Werft;138;54.16932;12.08564
8001941;Eutin;138;54.13534;10.61012
8002284;Gladbeck-Zweckel;138;51.59027;6.98442
8004230;Dortmund-Dorstfeld Süd;137;51.50063;7.42002
8003351;Koblenz-Ehrenbreitstein;137;50.36175;7.61020
8012700;Radebeul-Weintraube;137;51.10312;13.65575
8000732;Bad Oeynhausen;137;52.20540;8.79652
8006391;Wickrath;137;51.13277;6.41151
8003018;Siegen-Geisweid;137;50.91558;8.01435
8000976;Bingen (Rhein) Stadt;137;49.96975;7.90299
8000728;Bad Nauheim;137;50.36790;8.74933
8000322;Rottweil;137;48.16530;8.63930
8000075;Dillingen (Saar);136;49.35271;6.72215
8005494;Schwetzingen;136;49.38343;8.57868
8003824;Maisach;136;48.21415;11.25639
8003330;Köln/Bonn Flughafen;136;50.87890;7.11930
8001162;Bremen-Oslebshausen;136;53.13530;8.74080
8080720;Hohen Neuendorf (b Berlin);136;52.66907;13.28709
8010050;Bitterfeld;136;51.62286;12.31685
8002822;Heusenstamm;136;50.06007;8.80220
8004592;Obertraubling;136;48.96754;12.17000
8011003;Ahrensfelde;136;52.57138;13.56515
8001746;Ellental;136;48.95529;9.12374
8003403;Konz Mitte;135;49.70024;6.57376
8003280;Kirchheim (Teck);135;48.64426;9.44393
8004471;Nürnberg Ost;135;49.46381;11.12088
8001768;Emden Hbf;135;53.36904;7.19518
8000138;Haan-Gruiten;135;51.21456;7.01055
8003818;Mainz-Gustavsburg;135;49.99432;8.31420
8001438;Diebsteich;135;53.56857;9.93426
8001963;Fasanenpark;135;48.07971;11.60938
8002830;Hildesheim Ost;135;52.14655;9.96317
8001905;Essen-Eiberg;135;51.44181;7.10969
8004122;Mülheim (Ruhr) West;134;51.43965;6.87140
8006550;Wolfratshausen;134;47.91442;11.42720
8011058;Jena Saalbf;134;50.93692;11.59378
8001540;Dortmund-Germania;134;51.49812;7.36373
8000749;Bad Schwartau;134;53.91628;10.70272
8000242;Wesel;134;51.65584;6.62713
8002383;Gronsdorf;134;48.11840;11.69862
8000513;Altena (Westf);133;51.30198;7.66881
8003088;Iserbrook;133;53.57661;9.81405
8002040;Frankfurt am Main Stadion;133;50.06823;8.63325
8005636;Dreieich-Sprendlingen;133;50.01520;8.68874
8010076;Delitzsch unt Bf;133;51.52523;12.34522
8004868;Porta Westfalica;133;52.24342;8.92025
8003622;Leinfelden;133;48.69651;9.14287
8005016;Reinbek;133;53.50840;10.25333
8001252;Bühl (Baden);132;48.69668;8.12930
8002684;Heidelberg-Orthopädie;132;49.41000;8.77491
8004493;Nürnberg-Frankenstadion;132;49.43080;11.13004
8003366;Köln-Chorweiler Nord;132;51.02813;6.89277
8005053;Reutlingen-Betzingen;132;48.49621;9.17544
8001771;Emmendingen;132;48.11945;7.84751
8000228;Lichtenfels;132;50.14645;11.05947
8004009;Metzingen;132;48.53972;9.29016
8005858;Thesdorf;131;53.64437;9.81384
8001650;Echterdingen;131;48.69215;9.16916
8005949;Uhingen;131;48.70860;9.58553
8012865;Schkeuditz;131;51.40239;12.22217
8001457;Diez;131;50.37013;8.01962
8089031;Poelchaustraße;131;52.53559;13.53538
8006407;Wiesbaden-Erbenheim;131;50.05441;8.29504
8002946;Hoheneichen;130;53.63548;10.06765
8002640;Hattingen (Ruhr) Mitte;130;51.39720;7.18054
8010072;Coswig (Bz Dresden);130;51.12281;13.57941
8003367;Köln-Dellbrück;130;50.98144;7.07012
8006035;Mülheim-Kärlich ;130;50.40261;7.50907
8005942;Überlingen;130;47.76910;9.16285
8010297;Riesa;130;51.30965;13.28773
8003410;Kornweg (Klein Borstel);130;53.63238;10.05384
8001870;Eschborn;130;50.14362;8.56097
8001033;Bobingen;129;48.26637;10.83789
8013487;Oranienburg;129;52.75365;13.24961
8002274;Gifhorn-Stadt;129;52.47977;10.54294
8003053;Fuldatal-Ihringshausen;129;51.34859;9.52607
8005152;Roisdorf;129;50.75318;7.01614
8001229;Buchenau (Oberbay);129;48.16028;11.22450
8089097;Wuhlheide;129;52.46903;13.55320
8000726;Bad Münster am Stein;128;49.81343;7.84699
8004854;Poing;128;48.17133;11.80944
8089014;Gehrenseestraße;128;52.55601;13.52483
8005675;Starnberg-Nord;128;48.00597;11.34739
8005986;Unterföhring;127;48.19031;11.64677
8010242;Neudietendorf;127;50.91390;10.90968
8006511;Mannheim-Neckarstadt;127;49.50363;8.45957
8003372;Köln-Nippes;127;50.95867;6.94161
8004150;München-Karlsfeld;127;48.21118;11.45957
8003460;Krupunder;126;53.61582;9.86776
8010293;Radebeul-Kötzschenbroda;126;51.10762;13.62869
8005952;Ulm Ost;126;48.40716;9.99463
8000524;Altenerding;126;48.29357;11.90174
8087064;Oberursel-Stierstadt;126;50.18569;8.58469
8001973;Feldkirchen (b München);126;48.15185;11.73210
8001088;Bonn-Endenich Nord;126;50.73559;7.06221
8003967;Menden (Sauerland);126;51.43527;7.79208
8003982;Mering;126;48.26270;10.98829
8005706;Steinheim/Main;125;50.12137;8.90685
8004305;Neumarkt (Oberpf);125;49.27322;11.45699
8002924;Hof Hbf;125;50.30774;11.92307
8001785;Endersbach;125;48.81315;9.37023
8010153;Güstrow;125;53.80060;12.17284
8000195;Kaufering;125;48.08084;10.85459
8012194;Leipzig-Stötteritz;125;51.32451;12.41143
8004322;Neustadt a Rübenberge;125;52.50332;9.45528
8004247;Neu Wulmstorf;124;53.47305;9.78843
8012289;Magdeburg-Eichenweiler;124;52.16645;11.65798
8004580;Oberschleißheim;124;48.25723;11.55783
8080190;Birkenwerder (b Berlin);124;52.68825;13.28877
8003777;Lübeck-Travemünde Hafen;124;53.95876;10.86559
8005073;Rheydt-Odenkirchen;124;51.13785;6.44617
8079097;Hannover - Ledeburg;124;52.40879;9.69112
8003525;Langenau (Württ);124;48.49333;10.12599
8089101;Eichborndamm;124;52.57772;13.31683
8001996;Esting;123;48.21220;11.31732
8004893;Puchheim;123;48.17218;11.35306
8017442;Plauen (Vogtl) Mitte;123;50.49291;12.14766
8002099;Friedberg (b Augsburg);123;48.35204;10.98249
8004483;Nürnberg-Reichelsdorf;123;49.38211;11.03886
8012291;Magdeburg-Salbke;123;52.08075;11.65645
8004541;Oberhausen-Osterfeld Süd;123;51.49989;6.88513
8005035;Remscheid-Lüttringhausen;123;51.21532;7.24273
8001846;Erlangen Paul-Gossen-Straße;123;49.57929;10.99939
8001521;Dortmund-Tierpark;123;51.47819;7.46199
8000804;Bargteheide;123;53.72820;10.26910
8006076;Verden (Aller);123;52.92082;9.23785
8001415;Denzlingen;123;48.06862;7.88143
8000168;Uelzen;123;52.96978;10.55305
8004008;Mering-St Afra;122;48.27428;10.97120
8000313;Renningen;122;48.77512;8.93235
8000249;Memmingen;122;47.98558;10.18685
8005265;Salzgitter Bad;122;52.04982;10.37233
8001138;Bretten-Rechberg;122;49.03260;8.70161
8003369;Köln-Holweide;122;50.97627;7.04124
8000310;Remagen;122;50.57722;7.22978
8001605;Duisburg-Hochfeld Süd;122;51.40900;6.75341
8002389;Frechen-Königsdorf;122;50.93650;6.77785
8010163;Heidenau;122;50.98186;13.85789
8000133;Grevenbroich;122;51.09370;6.58045
8003765;Ludwigshafen-Mundenheim;122;49.46157;8.42109
8002489;Lörrach-Haagen/Messe;122;47.63323;7.68089
8010279;Potsdam Pirschheide;122;52.37267;13.01124
8002715;Heimstetten;122;48.15875;11.75966
8001191;Lörrach-Brombach/Hauingen;121;47.63761;7.69521
8000117;Gelnhausen;121;50.19634;9.18928
8010374;Wernigerode Hbf;121;51.84025;10.78880
8000077;Donaueschingen;121;47.94779;8.49892
8000059;Bünde (Westf);121;52.20208;8.57388
8002534;Hallbergmoos;121;48.30917;11.71433
8000283;Northeim (Han);121;51.70314;9.98662
8012200;Leipzig Essener Straße;121;51.37636;12.39699
8004983;Regensburg-Prüfening;121;49.01206;12.04930
8080620;Zscherbener Straße;121;51.47331;11.92106
8003299;Kissing;121;48.30092;10.95955
8006619;Wuppertal-Steinbeck;121;51.25068;7.14063
8002637;Hattersheim (Main);121;50.06788;8.48964
8000225;Leer (Ostfriesl);120;53.23165;7.46528
8001107;Bottrop-Boy;120;51.53716;6.96773
8005243;Saarbrücken-Burbach;120;49.24200;6.95653
8004145;München-Fasanerie;120;48.19781;11.52592
8001455;Dietzenbach-Mitte;120;50.01725;8.78899
8012181;Leipzig-Olbrichtstraße;120;51.36989;12.35350
8000744;Bad Salzuflen;120;52.08163;8.74043
8002218;Geislingen (Steige);119;48.61936;9.84194
8003767;Ludwigshafen-Rheingönheim;119;49.44747;8.40949
8001912;Essen-Kupferdreh;119;51.39095;7.08025
8001702;Eichenau (Oberbay);119;48.17932;11.32828
8002699;Heilbronn Sülmertor;119;49.15160;9.22060
8001611;Duisburg-Ruhrort;119;51.45728;6.73602
8002748;Hemsbach;119;49.59087;8.64872
8089328;Messe Süd (Eichkamp);119;52.49875;13.27012
8002547;Hamburg Airport (Flughafen);118;53.63235;10.00665
8006386;Wetter (Ruhr);118;51.38641;7.38591
8002206;Geilenkirchen;118;50.96104;6.12452
8003539;Langenfeld (Rheinl)-Berghausen;118;51.11751;6.92368
8006714;Solingen Vogelpark;118;51.16671;6.99240
8005927;Tutzing;118;47.90714;11.27289
8010393;Zittau;118;50.90446;14.80577
8012287;Magdeburg Südost;118;52.07019;11.66998
8000177;Horb;118;48.44147;8.68898
8003668;Leverkusen-Küppersteg;118;51.04582;6.98812
8002386;Groß Gerau-Dornberg;118;49.91228;8.49471
8003616;Leichlingen;118;51.10752;7.00525
8006306;Weiterstadt;118;49.90971;8.57939
8000264;Mosbach-Neckarelz;117;49.34848;9.11309
8004987;Regenstauf;117;49.12216;12.12514
8006339;Werdohl;117;51.25948;7.75754
8089099;Bernau-Friedenstal;117;52.66839;13.56458
8010053;Blankenfelde (Kr Teltow-Fläming);117;52.33721;13.41598
8005796;Sulzbach (Saar);117;49.29956;7.05506
8000718;Bad Krozingen;117;47.91972;7.69763
8000116;Traunstein;117;47.86973;12.63880
8003108;Jägersfreude;117;49.26576;7.00497
8013450;Chemnitz-Hilbersdorf Hp;116;50.86193;12.95388
8002892;Höfingen;116;48.81499;9.02532
8004744;Paderborn Kasseler Tor;116;51.71616;8.76126
8001825;Erding;116;48.30346;11.91206
8000119;Geltendorf;116;48.10599;11.03746
8003853;Marbach (Neckar);116;48.94369;9.26445
8004143;München-Daglfing;116;48.14962;11.64933
8004400;Niedernhausen (Taunus);116;50.15970;8.31288
8004920;Düsseldorf-Hellerhof;116;51.13304;6.90828
8003025;Hugstetten;116;48.04825;7.78393
8002514;Hagen-Oberhagen;116;51.35111;7.47879
8003474;Kiel-Hassee CITTI-PARK;116;54.31057;10.09860
8000630;Asperg;115;48.90736;9.14780
8012253;Ludwigsfelde-Struveshof;115;52.31718;13.23215
8005058;Rheinbach;115;50.62921;6.94751
8005253;Sachsenheim;115;48.96129;9.06316
8081560;Zepernick (b Bernau);115;52.65945;13.53364
8005578;Sinsheim (Elsenz) Hbf;115;49.25035;8.87510
8005340;Schieder;115;51.92240;9.15248
8000392;Holzwickede;115;51.50477;7.61965
8003196;Kassel-Harleshausen;115;51.33218;9.45225
8003494;Lahr (Schwarzw);115;48.34044;7.83473
8004999;Reichenbach (Fils);115;48.70797;9.46373
8000278;Niederlahnstein;114;50.31639;7.59950
8003542;Langenhagen Pferdemarkt;114;52.45099;9.73588
8010007;Arnstadt Hbf;114;50.84194;10.94826
8000015;Babenhausen (Hess);114;49.95796;8.95718
8001799;Ensdorf (Saar);114;49.30287;6.77602
8003434;Kreuz Konz;114;49.70380;6.57687
8001155;Bremen Neustadt;114;53.07578;8.78581
8001199;Bruchköbel;114;50.18619;8.91929
8011749;Großenhain Cottb Bf;114;51.29164;13.52392
8005020;Reinheim (Odenw);114;49.82981;8.83569
8005935;Übach-Palenberg;114;50.92434;6.09727
8001165;Bremen-St Magnus;114;53.17158;8.66973
8002225;Gelsenkirchen-Buer Süd;113;51.54908;7.04016
8004156;München-Neuaubing;113;48.14171;11.42220
8000034;Betzdorf (Sieg);113;50.78929;7.87005
8000204;Weiden (Oberpf);113;49.67049;12.15385
8005481;Schweinfurt Stadt;113;50.04681;10.24430
8004623;Öhringen Hbf;113;49.20321;9.50271
8001134;Braunschweig-Gliesmarode;113;52.27572;10.55150
8000272;Neunkirchen (Saar) Hbf;113;49.35329;7.17666
8012204;Leipzig-Slevogtstraße;113;51.37294;12.34442
8001897;Essen Süd;113;51.43930;7.02310
8080610;Zoo;113;51.50365;11.97035
8012355;Leipzig Miltitz;112;51.32532;12.25503
8004597;Vellmar-Obervellmar;112;51.35968;9.45247
8001647;Eching;112;48.30299;11.61675
8000330;Schwäbisch Hall-Hessental;112;49.09673;9.76737
8010292;Radebeul Ost;112;51.09829;13.68016
8000441;Ahlen (Westf);112;51.76106;7.89549
8001121;Brakel (Kr Höxter);111;51.71216;9.18320
8003820;Mainz-Marienborn;111;49.96017;8.22290
8004349;Nieder Olm;111;49.90553;8.20496
8005507;Seelze Pbf;111;52.39167;9.59431
8000004;Altenbeken;111;51.76643;8.94332
8000355;Bergheim (Erft);111;50.95171;6.64630
8003934;Münster-Mecklenbeck;111;51.92401;7.57957
8089006;Betriebsbahnhof Berlin-Rummelsburg;111;52.49383;13.49779
8001009;Blankenloch;111;49.06653;8.46473
8003412;Korschenbroich;111;51.19565;6.51189
8004204;Mammendorf;111;48.21683;11.17462
8000363;Dieringhausen;111;50.98542;7.54248
8000375;Gau Algesheim;110;49.96143;8.01606
8004462;Norf;110;51.16041;6.73165
8000360;Bürstadt;110;49.64577;8.45819
8080750;Hoppegarten (Mark);110;52.51812;13.67296
8002490;Haan;110;51.18812;6.99802
8003041;Idstein (Taunus);110;50.21599;8.25726
8001163;Bremen-Schönebeck;110;53.17280;8.64948
8000108;Freilassing;110;47.83692;12.97719
8012195;Leipzig-Thekla;110;51.37163;12.43075
8079056;Tuttlingen Zentrum;110;47.98562;8.80944
8089331;Pichelsberg;110;52.51039;13.22713
8000233;Löhne (Westf);110;52.19665;8.71350
8004065;Mörfelden;110;49.97900;8.56538
8003515;Landstuhl;110;49.41629;7.56593
8005197;Rottenburg (Neckar);110;48.47243;8.93555
8000473;Albstadt-Ebingen;109;48.21029;9.02696
8005831;Taufkirchen;109;48.05155;11.60925
8004593;Obertshausen (Kr Offenbach);109;50.07223;8.85342
8003671;Erftstadt;109;50.80709;6.83296
8005270;Salzgitter-Lebenstedt;109;52.15116;10.33249
8000095;Straubing;109;48.87698;12.57409
8000029;Bebra;109;50.96957;9.79779
8012326;Meißen;109;51.16296;13.48252
8002877;Maintal Ost;109;50.14234;8.83671
8000090;Eichenberg;109;51.37482;9.92148
8002347;Grafing Bahnhof;109;48.04323;11.94042
8002369;Greven;109;52.08983;7.59934
8000619;Aschaffenburg Süd;108;49.96847;9.15259
8001839;Erkelenz;108;51.07656;6.32172
8010341;Strausberg;108;52.53208;13.83350
8001544;Dortmund-Rahm;108;51.52573;7.39525
8000713;Bad Honnef (Rhein);107;50.63977;7.21953
8000698;Bad Dürkheim;107;49.46063;8.17070
8002339;Gräfelfing;107;48.11977;11.42557
8005887;Tornesch;107;53.69731;9.71497
8000379;Wittlich Hbf;107;49.97312;6.94356
8001379;Darmstadt-Eberstadt;107;49.81392;8.62582
8005917;Tübingen-Derendingen;107;48.50349;9.05059
8005781;Suchsdorf;107;54.34960;10.09126
8000659;Augsburg Messe;107;48.33868;10.88609
8002043;Frankfurt-Berkersheim;107;50.17649;8.69783
8001570;Dudweiler;107;49.27730;7.02735
8005274;Salzgitter-Thiede;107;52.18055;10.49361
8001926;Ettlingen West;107;48.94718;8.38788
8001080;Bondorf (b Herrenberg);106;48.52355;8.82766
8011423;Dresden-Pieschen;106;51.08186;13.72553
8001600;Duisburg-Buchholz;106;51.38292;6.77541
8002267;Gevelsberg Hbf;106;51.32440;7.33976
8000751;Bad Segeberg;106;53.93380;10.30816
8003218;Kehl;106;48.57666;7.80656
8006659;Zieverich;106;50.94928;6.62574
8002512;Hagen-Heubing;106;51.35232;7.42309
8001911;Essen-Kray Süd;106;51.45806;7.07465
8001081;Bonn Helmholtzstraße;106;50.72184;7.05262
8005930;Ubbedissen;106;51.98845;8.63758
8002919;Hösel;106;51.34152;6.89323
8000660;Augsburg Morellstraße;106;48.35509;10.89295
8003373;Köln-Worringen;106;51.05238;6.85172
8070002;Birkenstein;106;52.51560;13.64719
8010059;Borsdorf (Sachs);106;51.34571;12.54116
8001312;Butzbach;106;50.43116;8.66952
8002166;Gäufelden;105;48.55966;8.85031
8001537;Dortmund-Kurl;105;51.55698;7.58529
8004095;Mosbach West;105;49.34677;9.13404
8002065;Freiberg (Neckar);105;48.93011;9.19780
8000448;Ahrweiler;105;50.54654;7.10707
8010129;Glauchau (Sachs);105;50.82852;12.54865
8001654;Eckernförde;105;54.46760;9.83512
8003065;Immenstadt;105;47.55920;10.21400
8002198;Gauting;105;48.07066;11.37615
8001135;Brebach;105;49.21586;7.02918
8001157;Bremen-Hemelingen;105;53.05457;8.88676
8002400;Großauheim (Kr Hanau);105;50.10705;8.94390
8080040;Albrechtshof;104;52.54940;13.12892
8002498;Hähnlein-Alsbach;104;49.73935;8.60666
8011958;Jena-Zwätzen;104;50.95549;11.62087
8004760;Peine;104;52.31894;10.23214
8005476;Schweich DB;104;49.83106;6.74033
8003228;Kelsterbach;104;50.06249;8.52948
8003580;Lauf (links Pegnitz);104;49.50710;11.28598
8000176;Homburg (Saar) Hbf;104;49.32808;7.33704
8010108;Flöha;104;50.85435;13.07515
8006445;Wilhelmshaven;104;53.51879;8.11490
8001533;Dortmund-Kirchderne;104;51.54707;7.51011
8000113;Fröndenberg;104;51.47125;7.76220
8005362;Schleswig;104;54.49946;9.53814
8001608;Duisburg-Obermeiderich;104;51.46879;6.82123
8006484;Winsen (Luhe);104;53.35384;10.20769
8010373;Werder (Havel);104;52.39294;12.92619
8000370;Ehrang;104;49.80203;6.68581
8013448;Halle Silberhöhe;103;51.44555;11.96680
8004029;Salem;103;47.75779;9.29727
8002868;Hochdahl;103;51.21883;6.94442
8089085;Berlin-Schlachtensee;103;52.43998;13.21503
8011533;Fangschleuse;103;52.40673;13.82493
8089000;Schulzendorf (b Tegel);103;52.61310;13.24593
8005544;Seulberg;103;50.24191;8.64601
8004173;Münster Zentrum Nord;103;51.98432;7.63847
8005052;Reutlingen West;103;48.49261;9.20185
8000139;Günzburg;103;48.46056;10.27926
8003416;Konstanz-Wollmatingen;103;47.68245;9.14733
8003476;Kulmbach;103;50.10982;11.45189
8003931;Meckenheim;102;50.62745;7.01476
8004152;München-Langwied;102;48.16311;11.43251
8003961;Melsungen;102;51.12600;9.54608
8011980;Chemnitz-Siegmar;102;50.81556;12.84251
8001841;Erkrath;102;51.22046;6.90241
8000185;Gifhorn;102;52.45616;10.54528
8000596;Appenweier;102;48.54146;7.97319
8010139;Greifswald;102;54.09292;13.37026
8004694;Meerbusch-Osterath;102;51.26902;6.62598
8010215;Ludwigsfelde;102;52.29810;13.26732
8005479;Schweinfurt-Mitte;102;50.04017;10.22879
8012190;Leipzig-Heiterblick;102;51.36934;12.45998
8011705;Grimma ob Bf;102;51.23008;12.71413
8004775;Petershausen (Oberbay);102;48.41345;11.46988
8005236;Rutesheim;102;48.79002;8.95955
8003819;Mainz-Laubenheim;102;49.96123;8.31418
8004640;Offenbach-Waldhof;102;50.08169;8.82894
8003553;Langerwehe;101;50.81791;6.35347
8003993;Meschede;101;51.34960;8.27905
8011077;Bad Lausick;101;51.14380;12.64870
8013236;Warnemünde;101;54.17685;12.09127
8003871;Markdorf (Baden);101;47.71682;9.38864
8001279;Burgdorf (Han);101;52.44871;10.00284
8002686;Heidelberg-Kirchheim/Rohrbach;101;49.37939;8.67538
8001790;Engen;101;47.85635;8.77279
8013269;Weixdorf Bad;100;51.14012;13.80200
8003879;Markt Schwaben;100;48.19361;11.86209
8002940;Hohenbrunn;100;48.04657;11.69887
8013335;Wolfen (Bitterfeld);100;51.66116;12.27956
8001688;Ehrang Ort;100;49.80935;6.68832
8000369;Eberbach;100;49.46577;8.98415
8001528;Dortmund-Bövinghausen;100;51.51904;7.32748
8006167;Waldshut;100;47.62137;8.21953
8004333;Neustadt-Hohenacker;100;48.85931;9.32471
8006036;Urmitz Rheinbrücke;100;50.41842;7.52800
8004434;Nievenheim;100;51.12372;6.78212
8000342;Weetzen;99;52.29835;9.63538
8000007;Alzey;99;49.75020;8.10975
8001972;Feldhausen;99;51.61495;6.97322
8000110;Freudenstadt Hbf;99;48.46032;8.42880
8010235;Mühlhausen (Thür);99;51.20919;10.47404
8006296;Weißenau;99;47.76597;9.59438
8003842;Mannheim-Friedrichsfeld Süd;99;49.43814;8.57238
8010272;Pirna;99;50.96262;13.92888
8010253;Niederwiesa;99;50.86262;13.02285
8001921;Esslingen-Mettingen;98;48.74708;9.27583
8004112;Mühlheim (Main);98;50.11928;8.83765
8001965;Faurndau;98;48.71081;9.61605
8010230;Meiningen;98;50.57407;10.42121
8011416;Dresden Bischofsplatz;98;51.07234;13.74625
8013455;Magdeburg-Herrenkrug;98;52.14545;11.67638
8002692;Heidesheim (Rheinhess);98;49.99702;8.11132
8000631;Neu-Edingen/Friedrichsfeld;98;49.44867;8.58013
8004653;Dreieich-Offenthal;98;49.98185;8.74964
8081540;Wildau;98;52.31994;13.63378
8010233;Michendorf;97;52.31634;13.03069
8000812;Barsinghausen;97;52.30489;9.46711
8001907;Essen-Gerschede;97;51.48304;6.94331
8002152;Fürth-Burgfarrnbach;97;49.49103;10.92363
8002187;Garmisch-Partenkirchen;97;47.49145;11.09701
8000326;Schifferstadt;97;49.39291;8.36495
8013070;Allee-Center Leipzig;97;51.31916;12.29175
8005648;St. Ilgen/Sandhausen;97;49.34127;8.66872
8003966;Menden (Rheinl);97;50.77992;7.14955
8006089;Hannover - Vinnhorst;97;52.42404;9.70773
8001602;Duisburg-Großenbaum;96;51.36477;6.77747
8001729;Eiserfeld (Sieg);96;50.84730;7.98707
8006618;Wuppertal-Sonnborn;96;51.24058;7.09657
8002247;Gernlinden;96;48.21276;11.30038
8004883;Preußen;96;51.58815;7.53969
8010390;Zeitz;96;51.05645;12.13149
8001978;Feucht;96;49.38195;11.20421
8004907;Quadrath-Ichendorf;96;50.93778;6.68653
8089025;Heiligensee;96;52.62459;13.22928
8000121;Gensingen-Horrweiler;96;49.89826;7.93819
8004070;Mössingen;96;48.40431;9.04653
8004084;Moosburg;96;48.47033;11.93038
8001607;Duisburg-Meiderich Ost;96;51.46885;6.80079
8005074;Rhöndorf;96;50.65788;7.21021
8002610;Harthaus;95;48.13350;11.38787
8006200;Wangen (Allgäu);95;47.68923;9.83057
8006510;Witten-Annen Nord;95;51.44784;7.37534
8006524;Witzenhausen Nord;95;51.35156;9.86308
8000221;Lauda;95;49.56538;9.70951
8081580;Zeuthen;95;52.34894;13.62717
8010381;Wismar;95;53.89684;11.46943
8001731;Eislingen (Fils);95;48.69649;9.70515
8001566;Duckterath;95;50.98481;7.10350
8010239;Nauen;95;52.61270;12.88556
8000745;Bad Sassendorf;95;51.58717;8.16244
8000074;Dillenburg;95;50.73488;8.29409
8002275;Gilching-Argelsried;95;48.10567;11.29960
8006159;Waldkirch;95;48.09569;7.95725
8004670;Oldenburg-Wechloy;95;53.15180;8.17816
8002920;Hövelhof;95;51.82399;8.66169
8000215;Lage (Lippe);95;51.99174;8.80120
8003426;Krefeld-Linn;95;51.33731;6.62967
8001531;Dortmund-Wischlingen;94;51.51929;7.41286
8000353;Balingen (Württ);94;48.27847;8.85031
8006100;Vogelweh;94;49.43854;7.70601
8080340;Eichwalde;94;52.37135;13.61540
8006175;Walldorf (Hess);94;50.00134;8.58081
8003930;Meckenbeuren;94;47.69976;9.55839
8006059;Vaterstetten;94;48.10411;11.76438
8002044;Frankfurt-Frankfurter Berg;94;50.17027;8.67655
8003743;Lörrach Schwarzwaldstraße;94;47.62468;7.67257
8000413;Achim;94;53.01599;9.03045
8002069;Freiburg-St Georgen;94;47.97550;7.80301
8002168;Gaildorf West;94;49.00382;9.75389
8005157;Rommelshausen;93;48.81554;9.31934
8000131;Graben-Neudorf;93;49.16180;8.49063
8006304;Oberursel-Weißkirchen/Steinbach;93;50.17325;8.58692
8010216;Ludwigslust;93;53.33467;11.49449
8000161;Herborn (Dillkr);93;50.68440;8.30814
8001957;Fallersleben;93;52.42350;10.71733
8003131;Rodgau-Jügesheim;93;50.02598;8.87896
8000027;Schwandorf;93;49.32638;12.10380
8080260;Dallgow-Döberitz;93;52.54355;13.05904
8002122;Friedrichshafen Landratsamt;93;47.65715;9.45199
8003295;Kirn;93;49.78577;7.46459
8001795;Ennepetal (Gevelsberg);93;51.30478;7.34353
8004739;Overath;93;50.93273;7.28882
8000063;Calw;93;48.71468;8.74185
8003293;Kirchzarten;93;47.96794;7.95913
8000364;Vienenburg;93;51.95503;10.56217
8001267;Bullay DB;93;50.05446;7.13458
8000667;Montabaur;92;50.44483;7.82533
8000730;Bad Neustadt (Saale);92;50.32813;10.22613
8010217;Lübben (Spreewald);92;51.93974;13.87718
8012951;Schwerin Süd;92;53.57427;11.37664
8000532;Lennestadt-Altenhundem;92;51.10413;8.07152
8000975;Bingen-Gaulsheim;92;49.96707;7.95098
8010080;Döbeln Hbf;92;51.12657;13.09499
8003550;Langenselbold;92;50.16207;9.05768
8006508;Mannheim-Handelshafen;92;49.49262;8.45392
8000155;Heide (Holst);92;54.19356;9.10103
8006064;Velbert-Rosenhügel;92;51.30012;7.10173
8005575;Sindorf;92;50.90371;6.68111
8004269;Dortmund-Kley;92;51.48947;7.36537
8003174;Kapellen-Wevelinghoven;92;51.12980;6.62106
8012699;Radeberg;92;51.11175;13.91254
8000165;Hervest-Dorsten;92;51.67191;6.97417
8011591;Fürstenwalde (Spree) Süd;92;52.34190;14.08661
8003442;Kriftel;92;50.08228;8.47545
8003447;Kronberg (Taunus);92;50.17992;8.51687
8010079;Doberlug-Kirchhain;92;51.62058;13.56424
8011541;Finkenkrug;92;52.56966;13.05125
8080440;Fredersdorf (b Berlin);91;52.52621;13.76063
8003503;Lampertheim;91;49.59822;8.47849
8000175;Völklingen;91;49.24909;6.84816
8000145;Haltern am See;91;51.73767;7.18437
8000522;Hude;91;53.10943;8.46096
8000956;Bielefeld-Senne;91;51.96512;8.52033
8001782;Emsdetten;91;52.17675;7.53153
8002165;Gärtringen;91;48.64091;8.90899
8003810;Mainaschaff;91;49.98240;9.08574
8004228;Arnsberg-Neheim-Hüsten;91;51.43800;7.97007
8002639;Hattingen (Ruhr);91;51.40091;7.16986
8002393;Groß Umstadt Mitte;91;49.86521;8.92417
8001546;Dortmund-Wickede;91;51.53393;7.62466
8012279;Lutherstadt Eisleben;91;51.51831;11.55088
8004343;Niebüll;91;54.78961;8.83457
8005795;Sulzbach (Murr);91;48.99946;9.50041
8003479;Kronshagen;91;54.33121;10.08315
8003158;Kall;90;50.53849;6.55728
8004380;Niederhöchstadt;90;50.15420;8.54724
8003074;Ingolstadt Audi;90;48.79050;11.40746
8004879;Preetz;90;54.23394;10.27575
8010391;Zella-Mehlis;90;50.64672;10.67412
8001013;Blaubeuren;90;48.40382;9.79198
8000435;Kirchhain (Bz Kassel);90;50.82378;8.92140
8004496;Oberaichen;90;48.70519;9.12734
8001558;Drensteinfurt;90;51.79916;7.73361
8003978;Meppen;90;52.69602;7.29802
8003090;Iserlohnerheide;90;51.39986;7.69221
8010031;Bad Belzig;90;52.13597;12.59498
8001170;Bremerhaven-Wulsdorf;90;53.50860;8.61193
8089079;Oberspree;90;52.45247;13.53821
8010228;Markkleeberg-Großstädteln;90;51.26247;12.37633
8001914;Essen-Überruhr;90;51.42854;7.06872
8010077;Dessau Hbf;89;51.83987;12.23494
8002077;Freiburg-Klinikum;89;48.00556;7.84276
8000069;Sigmaringen;89;48.08698;9.22185
8006707;Hann Münden;89;51.41258;9.65827
8003489;Ladenburg;89;49.47424;8.60280
8003591;Laupheim Stadt;89;48.23330;9.87839
8000752;Bad Soden (Taunus);89;50.14341;8.50413
8002104;Friedrich Wilhelmshütte;89;50.80204;7.15938
8000285;Rödermark-Ober Roden;89;49.97362;8.82896
8000315;Rheda-Wiedenbrück;89;51.85702;8.28665
8010008;Leipzig Anger-Crottendorf;89;51.33243;12.42052
8002899;Höllriegelskreuth;89;48.04345;11.50975
8000785;Baldham;89;48.09926;11.78678
8005522;Seligenstadt (Hess);89;50.04146;8.96747
8004489;Neustadt (Weinstr) Böbig;89;49.35424;8.15831
8010095;Eilenburg;89;51.45185;12.63701
8003808;Maichingen;88;48.72233;8.96992
8004335;Neuss Allerheiligen;88;51.14247;6.75679
8002422;Großhesselohe Isartalbahnhof;88;48.07107;11.53094
8005047;Rethen (Leine);88;52.28581;9.81950
8005557;Siegelsdorf;88;49.50635;10.87552
8005726;Stetten-Beinstein;88;48.81192;9.35245
8013472;Brieselang;88;52.58255;13.00139
8001534;Dortmund-Kirchhörde;88;51.46424;7.45776
8005626;Speyer Nord-West;88;49.33359;8.41926
8080580;Steintorbrücke;88;51.49020;11.98690
8004899;Pullach;88;48.05898;11.52185
8002161;Furth (b Deisenhofen);88;48.03552;11.59328
8000159;Helmstedt;88;52.22209;11.01055
8004124;Müllheim (Baden);88;47.80974;7.59933
8000579;Angermund;87;51.33075;6.78186
8004195;Nagold-Steinberg;87;48.54201;8.73264
8000247;Marktredwitz;87;50.00460;12.08258
8000198;Kettwig;87;51.36337;6.95375
8000205;Kleve;87;51.78973;6.14622
8013361;Wurzen;87;51.36442;12.73897
8006098;Voerde (Niederrhein);87;51.59754;6.68881
8003674;Gießen Licher Straße;87;50.58167;8.69724
8004103;Mühlacker Rößlesweg;87;48.95634;8.86014
8005649;St. Ingbert;87;49.27476;7.11081
8001355;Dachau Stadt;87;48.26666;11.43976
8003079;Inningen;87;48.31134;10.86888
8000122;Treuchtlingen;87;48.96127;10.90816
8003784;Lügde;87;51.95929;9.25083
8003957;Mellendorf;87;52.54820;9.74450
8006642;Esslingen-Zell;87;48.72433;9.35939
8003850;Friedrichshafen Manzell;87;47.66432;9.42916
8000925;Besigheim;87;48.99772;9.13664
8002013;Flörsheim (Main);86;50.01721;8.43101
8005499;Bornheim-Sechtem;86;50.79571;6.95745
8001789;Engelskirchen;86;50.98672;7.40768
8004841;Plön;86;54.15948;10.42256
8005134;Rösrath;86;50.90155;7.18266
8010212;Löbau (Sachs);86;51.09945;14.67194
8004217;Neckargemünd Altstadt;86;49.39239;8.80295
8004994;Reichelsdorfer Keller;86;49.36814;11.04021
8002222;Geldern;86;51.51329;6.31934
8003529;Velbert-Langenberg;86;51.35476;7.12238
8081020;Neuenhagen (b Berlin);86;52.52076;13.70042
8001380;Darmstadt-Kranichstein;86;49.90683;8.67936
8013471;Böhlen (b Leipzig);86;51.20304;12.38199
8011502;Erfurt-Bischleben;86;50.93377;10.98844
8001340;Cochem (Mosel);86;50.15309;7.16674
8004340;Velbert-Neviges;86;51.31316;7.09048
8005678;Staudernheim;86;49.78058;7.69310
8005064;Rheinfelden (Baden);86;47.55692;7.78421
8010019;Bad Kösen;86;51.13074;11.71827
8010049;Bischofswerda;86;51.12559;14.18614
8001632;Ebersbach (Fils);86;48.71612;9.52658
8001942;Eutingen (Baden);86;48.90985;8.74377
8003687;Limburgerhof;86;49.42427;8.39075
8006359;Weßling (Oberbay);85;48.07737;11.25177
8003197;Kassel-Jungfernkopf;85;51.33892;9.46287
8010203;Leinefelde;85;51.38884;10.32876
8081210;Röntgental;85;52.64880;13.51380
8000368;Wabern (Bz Kassel);85;51.10313;9.35804
8000483;Alfeld (Leine);85;51.98142;9.81778
8080680;Hegermühle;85;52.54838;13.86661
8010382;Wittenberge;85;53.00312;11.76287
8013267;Weinböhla Hp;85;51.15910;13.56155
8005198;Rottendorf;85;49.79219;10.02908
8006712;Hagen-Wehringhausen;85;51.35358;7.45277
8000301;Plattling;85;48.77962;12.86394
8005532;Senden;85;48.32402;10.05050
8005034;Remscheid-Güldenwerth;85;51.16920;7.16303
8000102;Finnentrop;85;51.17305;7.96456
8003697;Lindern;85;50.99684;6.20747
8004962;Raunheim;85;50.00969;8.45450
8010250;Neustrelitz Hbf;85;53.35925;13.07460
8080570;Rosengarten;85;51.44686;11.98279
8010325;Schwerin Görries;85;53.60937;11.38494
8089093;Wartenberg;85;52.57299;13.50363
8000045;Boppard Hbf;84;50.23141;7.58610
8011904;Hohenstein-Ernstthal;84;50.79855;12.70656
8003736;Lörrach Dammstraße;84;47.59771;7.65522
8005039;Baunatal-Rengershausen;84;51.25492;9.46867
8010351;Torgau;84;51.56304;12.99113
8000014;Aulendorf;84;47.95305;9.64405
8012285;Leipzig-Lützschena;84;51.39006;12.29309
8012739;Reichenbach (Vogtl) ob Bf;84;50.62778;12.29312
8000409;Kempen (Niederrhein);84;51.36756;6.42555
8004318;Neusäß;84;48.39439;10.83352
8005504;Seefeld-Hechendorf;84;48.04137;11.19873
8001751;Ellwangen;84;48.96412;10.12968
8004665;Oker;84;51.90488;10.47815
8005670;Bad Staffelstein;84;50.10826;10.99424
8011417;Dresden Grenzstraße;84;51.12830;13.77774
8002155;Fürth-Unterfürberg;84;49.47491;10.95753
8003036;Ibbenbüren;84;52.27687;7.72149
8004032;Bad Schönborn Kronau;84;49.21934;8.64682
8011623;Gera-Zwötzen;84;50.85005;12.08218
8012072;Königstein (Sächs Schweiz);84;50.91945;14.07890
8001833;Ergenzingen;84;48.48953;8.80986
8000129;Treysa;83;50.91066;9.18567
8003143;Kahl (Main);83;50.07687;9.00547
8001038;Bochum-Dahlhausen;83;51.42636;7.14084
8000012;Au (Sieg);83;50.77376;7.65654
8012806;Rostock Kassebohm;83;54.07943;12.16332
8006687;Zwingenberg (Bergstr);83;49.72590;8.60912
8004838;Plettenberg;83;51.23193;7.86891
8003657;Letmathe-Dechenhöhle;83;51.36547;7.64415
8001618;Dutenhofen (Kr Wetzlar);83;50.56445;8.59891
8013185;Velten (Mark);83;52.68489;13.17203
8002509;Gevelsberg-Kipp;82;51.31993;7.32717
8003932;Meckesheim;82;49.32066;8.81284
8079069;Oldentrup;82;52.01028;8.59081
8011297;Burgstädt;82;50.91582;12.81271
8079151;Dreieich-Weibelfeld;82;50.00708;8.70092
8000427;Kirchen;82;50.80658;7.88051
8003060;Illingen (Württ);82;48.95659;8.92116
8006277;Weiler (Rems);82;48.80030;9.50199
8003022;Hulb;82;48.67927;8.98264
8000496;Allensbach;82;47.71446;9.06885
8002388;Groß Karben;82;50.23184;8.75353
8005292;Sarstedt;82;52.23260;9.84259
8081290;Schönfließ;82;52.66508;13.33942
8003350;Kobern-Gondorf;82;50.30072;7.46075
8080970;Mahlow;82;52.36054;13.40793
8001092;Bordesholm;82;54.17437;10.04371
8004784;Pfalzel;82;49.78032;6.68302
8004924;Raisdorf;82;54.28094;10.24369
8001039;Bochum-Ehrenfeld;82;51.47212;7.20915
8001545;Dortmund-Sölde;82;51.49546;7.58920
8004317;Neuss Süd;82;51.18578;6.69029
8001397;Deggendorf Hbf;82;48.83944;12.94973
8006501;Wissen (Sieg);82;50.78287;7.73981
8003701;Lingen (Ems);82;52.51987;7.32173
8004491;Nürnberg-Rehhof;82;49.46263;11.15475
8002853;Hirschaid;82;49.81926;10.99145
8006440;Wilferdingen-Singen;82;48.95386;8.57241
8001110;Bous (Saar);81;49.27598;6.79264
8002779;Herne-Börnig;81;51.55479;7.26835
8002109;Friedrichsfeld (Niederrhein);81;51.62849;6.64550
8003588;Lauffen (Neckar);81;49.07651;9.14614
8011071;Bad Dürrenberg;81;51.30517;12.07105
8004480;Nürnberg-Laufamholz;81;49.46295;11.16848
8005560;Singen-Landesgartenschau;81;47.76074;8.82705
8000143;Weil am Rhein Gartenstadt;81;47.58871;7.61628
8000058;Büchen;81;53.47497;10.62330
8011844;Heidenau-Großsedlitz;81;50.96082;13.89488
8004497;Ober Ramstadt;81;49.83203;8.74337
8003913;Maubach;81;48.92613;9.41999
8011055;Arnstadt Süd;81;50.83108;10.95496
8001237;Budenheim;81;50.02683;8.17406
8002528;Rodgau-Hainhausen;81;50.04022;8.87561
8006468;Winden (Pfalz);81;49.09545;8.12248
8005702;Steinhagen (Westf) Bielefelder Straße;81;52.01142;8.43645
8002430;Heddesheim/Hirschberg;81;49.50941;8.63375
8012311;Markranstädt;81;51.30718;12.22476
8003785;Lübeck Hochschulstadtteil;81;53.83098;10.68890
8006271;Weil der Stadt;80;48.75548;8.87281
8004563;Oberndorf (Neckar);80;48.29567;8.57551
8010302;Roßlau (Elbe);80;51.88461;12.23726
8001967;Favoritepark;80;48.90921;9.18023
8002574;Hanau-Wilhelmsbad;80;50.14387;8.88325
8001427;Dettingen (Main);80;50.04256;9.03681
8006536;Wörth (Rhein)-Mozartstraße;80;49.05511;8.25194
8005790;Süßen;80;48.68364;9.76028
8003924;Mayen West;80;50.32837;7.21389
8004159;München-Perlach;80;48.09343;11.63121
8005540;Sersheim;80;48.95892;9.01851
8005583;Bad Sobernheim;80;49.78285;7.64982
8013467;Beelitz-Heilstätten;80;52.26235;12.92606
8000704;Bad Friedrichshall-Kochendorf;80;49.21856;9.21098
8000729;Bad Neuenahr;80;50.54776;7.14430
8010220;Lübbenau (Spreewald);80;51.86217;13.96090
8000948;Bickenbach (Bergstr);80;49.75963;8.60342
8004905;Quelle Kupferheide;80;51.99410;8.47640
8002116;Friedrichstal (Baden);80;49.10097;8.47414
8003512;Landsberg (Lech);80;48.04727;10.87170
8005797;Sulzbach (Saar) Altenwald;80;49.31208;7.07888
8003927;Mechernich;80;50.59137;6.64230
8005182;Rotenburg an der Fulda;80;50.99786;9.73334
8002370;Lennestadt-Grevenbrück;80;51.14178;8.01798
8002934;Hofheim (Ried);79;49.65947;8.40897
8000094;Engers;79;50.42598;7.54683
8004441;Nörten-Hardenberg;79;51.62818;9.93310
8006030;Urbach (b Schorndorf);79;48.80496;9.57373
8011654;Görden;79;52.42788;12.50395
8005661;Stadtallendorf;79;50.82543;9.01528
8002365;Grenzach;79;47.55090;7.65951
8004351;Rodgau-Nieder Roden;79;49.99744;8.87121
8080600;Wohnstadt Nord;79;51.51715;11.96481
8013485;Magdeburg SKET Industriepark;79;52.09754;11.63828
8010282;Prenzlau;79;53.32161;13.86653
8006137;Waghäusel;79;49.24819;8.50831
8004910;Quint;79;49.82599;6.70470
8010004;Angermünde;78;53.01522;13.99636
8013025;Stadtroda;78;50.86822;11.72279
8003362;Köln Volkhovener Weg;78;51.01425;6.89324
8004604;Oberwinter;78;50.61136;7.20770
8081150;Petershagen Nord;78;52.52890;13.78938
8005535;Bielefeld-Sennestadt;78;51.94058;8.56748
8000065;Cölbe;78;50.84816;8.78736
8000040;Bocholt;78;51.83412;6.62043
8000120;Gemünden (Main);78;50.05002;9.69989
8005997;Unterkochen;78;48.81501;10.12649
8001118;Brake (b Bielefeld);78;52.06965;8.60491
8002872;Hochheim (Main);78;50.00425;8.35040
8005468;Schwarzenbek;78;53.50383;10.48478
8010306;Rudolstadt (Thür);78;50.71793;11.33890
8000248;Mayen Ost;78;50.32959;7.23894
8004898;Pulheim;78;50.99804;6.79705
8001223;Bubenreuth;78;49.62954;11.01199
8081586;Seegefeld;78;52.55248;13.11681
8000362;Dieburg;78;49.90369;8.83980
8000376;Germersheim;78;49.22540;8.36528
8005777;Stuttgart-Zazenhausen;78;48.83603;9.19954
8005820;Tamm (Württ);78;48.92160;9.12583
8000137;Grünstadt;78;49.56438;8.16796
8006293;Rodgau-Weiskirchen;77;50.05257;8.87783
8001736;Eitorf;77;50.77362;7.44733
8002425;Großkrotzenburg;77;50.08773;8.98279
8010266;Oschersleben (Bode);77;52.03073;11.22684
8000136;Groß Gerau;77;49.92493;8.48621
8011843;Heidenau Süd;77;50.97170;13.87472
8003057;Illertissen;77;48.22283;10.09994
8002240;Geradstetten;77;48.80520;9.43975
8000066;Coesfeld (Westf);77;51.93981;7.16369
8003937;Meckenheim Industriepark;77;50.64365;7.02718
8006541;Wohltorf;77;53.52059;10.27818
8005511;Sehnde;77;52.31808;9.96253
8010020;Bad Langensalza;77;51.10170;10.64067
8013468;Beelitz Stadt;77;52.23940;12.96686
8001524;Dortmund-Aplerbeck Süd;77;51.48444;7.54998
8001122;Bramsche;77;52.41088;7.97501
8003169;Kamen-Methler;77;51.56738;7.61306
8004885;Prien am Chiemsee;76;47.85551;12.34661
8012713;Rangsdorf;76;52.29395;13.43089
8005444;Schwabmünchen;76;48.17869;10.76829
8000158;Nidderau;76;50.23083;8.88023
8002894;Höhenkirchen-Siegertsbrunn;76;48.01846;11.71923
8003774;Lübeck-St.Jürgen;76;53.84232;10.70294
8003952;Meitingen;76;48.54600;10.84805
8004630;Oerlinghausen;76;51.97877;8.66602
8010285;Priestewitz;76;51.25060;13.50912
8010009;Aschersleben Pbf;76;51.75712;11.46569
8010327;Senftenberg;76;51.52694;14.00390
8006298;Weißenburg (Bay);76;49.02967;10.96539
8002435;Grub (Oberbay);76;48.16452;11.78256
8013100;Teltow;76;52.38828;13.30044
8006065;Veitshöchheim;76;49.83143;9.87620
8080560;Dessauer Brücke;76;51.50012;11.98254
8004233;Nellmersbach;76;48.90337;9.41540
8003733;Löwental;76;47.66140;9.49924
8080170;Birkengrund;75;52.31556;13.27196
8006629;Wyhlen;75;47.54633;7.69092
8000083;Dülmen;75;51.82768;7.29577
8002351;Grafrath;75;48.13210;11.15326
8000735;Bad Pyrmont;75;51.97423;9.27272
8002452;Güdingen;75;49.19824;7.03070
8011051;Apolda;75;51.03094;11.52614
8001213;Lüdenscheid Brügge (Westf);75;51.20792;7.57109
8000019;Bad Harzburg;75;51.88837;10.55422
8010310;Salzwedel;75;52.85811;11.16203
8001985;Finningerstraße;75;48.38999;10.02623
8004393;Mendig;75;50.36966;7.29101
8012150;Langebrück (Sachs);75;51.12675;13.84107
8005420;Schopfheim;75;47.64797;7.82267
8013344;Wolmirstedt;75;52.25036;11.63562
8001883;Eschhofen;75;50.39359;8.10492
8004759;Pegnitz;75;49.75871;11.54760
8010372;Werdau;75;50.72664;12.36728
8004190;Münster-Roxel;75;51.94641;7.52613
8011699;Greppin;75;51.64536;12.29797
8002883;Hockenheim;75;49.31741;8.53739
8005699;Steinebach;75;48.06118;11.20681
8003316;Klein Winternheim-Ober Olm;75;49.93971;8.20699
8001519;Dortmund-Nette/Oestrich;75;51.56150;7.37773
8000218;Weilburg;75;50.48637;8.26795
8012572;Osterweddingen;74;52.04913;11.57592
8006068;Vellmar-Osterberg/EKZ;74;51.35426;9.46080
8001781;Empelde;74;52.34016;9.66898
8000230;Lindau-Insel;74;47.54434;9.68047
8002111;Friedrichshafen-Fischbach;74;47.67248;9.41738
8006704;Lübeck-Travemünde Skandinavienkai;74;53.95079;10.85403
8001149;Breitengüßbach;74;49.96683;10.88714
8002025;Frankenthal Süd;74;49.52265;8.34956
8004549;Oberkochen;74;48.78236;10.10765
8003172;Kandel;74;49.07914;8.19802
8003571;Laudenbach (Bergstr);74;49.61208;8.64454
8002348;Grafing Stadt;74;48.04722;11.96276
8006233;Weddel (Braunschw);74;52.26912;10.62349
8005306;Schafbrücke;74;49.22794;7.04924
8002727;Heitersheim;74;47.87986;7.64619
8000182;Immendingen;74;47.93601;8.72954
8011468;Eisenach West;74;50.97890;10.30474
8004658;Oftersheim;74;49.37351;8.57901
8010329;Sondershausen;74;51.37005;10.84919
8006206;Warendorf;74;51.95009;7.98446
8004251;Beckum-Neubeckum;74;51.80195;8.02136
8005332;Scheidt (Saar);74;49.24402;7.05708
8004239;Nersingen;73;48.43014;10.11800
8004614;Ockenheim;73;49.95055;7.96544
8011428;Dresden-Zschachwitz;73;50.98965;13.84493
8005616;Spaichingen;73;48.06899;8.74015
8004822;Pirmasens Hbf;73;49.20564;7.59843
8080980;Mühlenbeck-Mönchmühle;73;52.65460;13.38684
8001541;Dortmund-Marten;73;51.51446;7.37441
8005345;Schifferstadt Süd;73;49.37409;8.37731
8005799;Sulzbach (Taunus) Nord;73;50.13940;8.51820
8006485;Winterbach (b Schorndorf);73;48.79843;9.48099
8001015;Blaustein;73;48.41460;9.91933
8010296;Rathenow;73;52.59964;12.35484
8006616;Wuppertal-Ronsdorf;73;51.22648;7.21560
8007442;Waibstadt;73;49.30094;8.91935
8003831;Malmsheim;73;48.77175;8.90451
8001906;Essen-Frohnhausen;73;51.45511;6.96528
8003461;Kuchen;73;48.64052;9.80340
8013256;Weimar Berkaer Bf;73;50.98063;11.31369
8006191;Walporzheim;73;50.53251;7.07848
8011862;Hermsdorf-Klosterlausnitz;73;50.90378;11.85863
8004000;Rheine-Mesum;73;52.22313;7.48561
8005299;Sauerlach;73;47.97406;11.65477
8010099;Elsterwerda;72;51.45968;13.51643
8005580;Sinzig (Rhein);72;50.54698;7.25828
8004017;Michelstadt;72;49.68486;9.00145
8003278;Kirchheim (Neckar);72;49.03765;9.15090
8013389;Zerbst/Anhalt;72;51.95382;12.08893
8000602;Armsheim;72;49.80837;8.07411
8000887;Recklinghausen Süd;72;51.56296;7.19575
8002226;Gelsenkirchen-Hassel;72;51.61086;7.06657
8003673;Lich (Oberhess);72;50.51458;8.82196
8003399;Kollnau;72;48.10115;7.97384
8004440;Hagen-Westerbauer;72;51.34178;7.39739
8003096;Isselhorst-Avenwedde;72;51.93998;8.43852
8000126;Riedstadt-Goddelau;72;49.83323;8.48919
8000503;Biblis;72;49.68888;8.45041
8003792;Weinheim-Lützelsachsen;72;49.52739;8.64950
8000385;Gunzenhausen;72;49.12044;10.75546
8004430;Velbert-Nierenhof;72;51.37238;7.13415
8004402;Rodenbach bei Hanau;72;50.14727;9.01256
8010033;Bergen auf Rügen;72;54.42050;13.41782
8006516;Alfter-Witterschlick;72;50.68970;7.02608
8003345;Friedrichshafen-Kluftern;72;47.68815;9.40952
8001198;Bruchhausen (b Ettlingen);72;48.92399;8.37397
8010307;Rudolstadt-Schwarza;72;50.69112;11.32820
8006671;Zorneding;72;48.08960;11.83246
8001514;Dortelweil;72;50.20750;8.75114
8011322;Coswig (Anh);72;51.88800;12.45763
8005976;Unterasbach;72;49.41669;10.98539
8005971;Unna-Königsborn;72;51.55328;7.68781
8006052;Vach;72;49.51757;10.98615
8000540;Altenstadt (Waldnaab);72;49.71568;12.16487
8006212;Warthausen;71;48.12991;9.80166
8001817;Erbach (Odenw);71;49.65671;8.98983
8002217;Geislingen West;71;48.63077;9.82191
8010183;Sedlitz Ost;71;51.55310;14.05525
8010395;Zossen;71;52.21892;13.43857
8000295;Osterburken;71;49.42966;9.42269
8010043;Bernburg Hbf;71;51.79612;11.75145
8006289;Weinsberg;71;49.14800;9.28702
8001820;Erbach (Württ);71;48.32590;9.89483
8010140;Greiz;71;50.65297;12.19446
8000449;Ahrweiler Markt;71;50.54423;7.09423
8001745;Mönchengladbach-Lürrip;71;51.19962;6.47243
8005440;Schwabach-Limbach;71;49.33821;11.04458
8001112;Brachbach;71;50.82199;7.94149
8003179;Treis-Karden;71;50.17984;7.29964
8012192;Leipzig-Knauthain;71;51.27818;12.30909
8005218;Ründeroth;71;50.99508;7.46513
8004585;Oberstdorf;71;47.41103;10.27810
8005454;Schwaikheim;71;48.86834;9.35494
8004888;Prisdorf;71;53.67529;9.76022
8005255;Bad Säckingen;71;47.55586;7.94863
8003288;Kirchlengern;71;52.19676;8.64378
8000770;Bad Zwischenahn;71;53.18255;8.00312
8011598;Markkleeberg-Gaschwitz;71;51.24990;12.37915
8002634;Haste (Han);71;52.37966;9.38910
8003272;Kirchentellinsfurt;71;48.52875;9.13948
8004874;Possenhofen;71;47.96196;11.30648
8013266;Weimar West;71;50.98808;11.31156
8005451;Schwaig;71;49.47149;11.20044
8000412;Achern;70;48.63399;8.06532
8001505;Dortmund-Huckarde;70;51.53262;7.40235
8003151;Kaiserslautern West;70;49.44754;7.74981
8002263;Gessertshausen;70;48.33371;10.73238
8010175;Neuruppin Rheinsberger Tor;70;52.92957;12.81080
8001458;Diez Ost;70;50.37604;8.03859
8001620;Ebenhausen (Unterfr);70;50.13130;10.13804
8001970;Feldafing;70;47.94694;11.29022
8002448;Grunbach;70;48.81036;9.42003
8004681;Oppenweiler (Württ);70;48.98152;9.46279
8000875;Ottweiler (Saar);70;49.40234;7.16613
8012318;Meißen Altstadt;70;51.15908;13.47310
8000584;Anrath;70;51.28554;6.45023
8000934;Beutelsbach;70;48.81029;9.38603
8012516;Nordhausen-Salza;70;51.51511;10.77314
8003834;Maichingen Nord;70;48.72736;8.97926
8001045;Hamm-Bockum-Hövel;70;51.70481;7.77455
8011399;Dresden Flughafen;70;51.12467;13.76599
8001463;Dillingen (Donau);70;48.58125;10.48917
8011849;Heilbad Heiligenstadt;70;51.37732;10.12452
8003776;Lübeck-Kücknitz;70;53.92495;10.81889
8001334;Coburg Nord;70;50.27149;10.96487
8000287;Oberkotzau;70;50.26639;11.93220
8003946;Dortmund-West;70;51.50965;7.43894
8000677;Hückelhoven-Baal;70;51.03297;6.27281
8011809;Halberstadt-Spiegelsberge;70;51.88258;11.04831
8003232;Kennelgarten;70;49.44100;7.73301
8003990;Merzenich;70;50.84003;6.51805
8003929;Meckelfeld;69;53.42438;10.02971
8010155;Halle MESSE;69;51.45476;12.02804
8000495;Alfter-Impekoven;69;50.71102;7.01983
8003734;Lohgarten-Roth;69;49.24357;11.09595
8004350;Mühltal;69;49.83220;8.70332
8005347;Schiltach Mitte;69;48.29128;8.34477
8005455;Schwalbach a Ts (Limes);69;50.15435;8.52797
8010158;Haldensleben;69;52.28503;11.40611
8002615;Hasbergen (Kr Osnabrück);69;52.24170;7.95397
8004626;Oelde;69;51.82911;8.14260
8006280;Weilerswist;69;50.75029;6.84508
8002011;Flintbek;69;54.24335;10.06291
8010378;Wilhelmshorst;69;52.33149;13.06745
8001596;Duisburg Schlenk;69;51.40178;6.77321
8079089;Albstadt Ebingen West;69;48.21139;8.99698
8002239;Germersheim Mitte/Rhein;69;49.21988;8.37931
8000927;Bestwig;69;51.36191;8.39784
8005090;Riegel-Malterdingen;69;48.15197;7.77085
8003189;Karlstadt (Main);69;49.96290;9.76815
8000234;Lollar;69;50.64794;8.70174
8005609;Sonthofen;69;47.51324;10.27234
8011318;Cottbus-Sandow;69;51.75518;14.35370
8001063;Börßum;69;52.06046;10.56893
8005701;Steinen;69;47.64160;7.74156
8005800;Sulzbach-Rosenberg;69;49.49948;11.73928
8000144;Türkheim (Bay) Bahnhof;69;48.04569;10.61744
8005937;Überlingen-Therme;69;47.76927;9.14564
8004458;Nordheim (Württ);69;49.10938;9.14881
8003708;Linz (Rhein);69;50.56934;7.27603
8000093;Elze (Han);69;52.12015;9.74689
8004745;Paderborn Nord;69;51.72807;8.75895
8006031;Rödermark-Urberach;69;49.97514;8.79816
8010332;Staßfurt;69;51.85126;11.58790
8005876;Titisee;69;47.90340;8.15507
8001845;Erlangen-Bruck;69;49.56992;10.99714
8012944;Schwedt (Oder) Mitte;69;53.06832;14.27159
8001161;Bremen-Oberneuland;68;53.08704;8.93851
8002237;Georgensgmünd;68;49.18335;11.01618
8003042;Igel;68;49.70737;6.55068
8003386;Königswinter;68;50.67864;7.19359
8005311;Schaftlach;68;47.79547;11.68412
8006210;Warngau;68;47.83357;11.70947
8000321;Rotenburg (Wümme);68;53.11235;9.39010
8010308;Ruhland;68;51.45532;13.87000
8005902;Triberg;68;48.14000;8.23681
8012282;Lutherstadt Wittenberg-Piesteritz;68;51.87186;12.59677
8000877;Bensheim-Auerbach;68;49.70156;8.61337
8000043;Seesen;68;51.88707;10.17357
8001439;Diedorf (Schwab);68;48.35609;10.77682
8002296;Goch;68;51.68182;6.16086
8011553;Frankenberg (Sachs);68;50.91123;13.04319
8005943;Überlingen-Nußdorf;68;47.75486;9.18814
8004418;Niederwalluf;68;50.03665;8.15916
8005350;Schiltach;68;48.29117;8.33515
8002526;Hailer-Meerholz;68;50.18967;9.15067
8003000;Horn-Bad Meinberg;68;51.88152;8.95509
8005355;Schladen (Harz);68;52.02236;10.55013
8005356;Schladern (Sieg);68;50.80701;7.59226
8001168;Bremerhaven-Lehe Pbf;68;53.56632;8.60066
8005406;Schöngeising;68;48.14737;11.19205
8004304;Neulußheim;68;49.29220;8.53008
8002531;Hainburg Hainstadt;68;50.07811;8.93814
8002266;Gettorf;68;54.40989;9.97868
8010312;Sangerhausen;68;51.47989;11.29452
8003002;Horneburg;68;53.50868;9.57655
8012138;Kurort Rathen (Kr Pirna);68;50.95682;14.07534
8004020;Miesenheim;68;50.40404;7.40760
8002768;Herchen;68;50.77127;7.52135
8004188;Murrhardt;67;48.98276;9.57777
8005159;Rommerskirchen;67;51.03993;6.69959
8000356;Villingen-Schwenningen Eisstadion;67;48.05277;8.52855
8000737;Bad Reichenhall;67;47.73117;12.88182
8002278;Gingen (Fils);67;48.66104;9.78783
8004767;Penzberg Pbf;67;47.74925;11.37187
8005834;Telgte;67;51.98119;7.78088
8005143;Rösrath-Stümpen;67;50.89867;7.15927
8006548;Wolfgang (Kr Hanau);67;50.12311;8.95747
8000578;Anderten-Misburg;67;52.36916;9.86111
8004432;Nierstein;67;49.87200;8.34281
8000865;Bempflingen;67;48.57236;9.27342
8011242;Borna (b Leipzig);67;51.11793;12.48629
8011974;Chemnitz-Borna Hp;67;50.85987;12.89446
8002694;Heidkrug;67;53.05709;8.68019
8011308;Caputh-Geltow;67;52.35030;12.98441
8002478;Gutach (Breisgau);67;48.11333;7.98849
8002754;Hennen;67;51.43715;7.64685
8003446;Kronach;67;50.23961;11.32011
8004997;Reichenau (Baden);67;47.68935;9.12596
8001682;Eglharting;67;48.08235;11.86429
8002680;Hamm-Heessen;67;51.70920;7.83155
8003401;Konstanz-Petershausen;67;47.67409;9.17347
8003292;Kirchweyhe;67;52.98376;8.84724
8010156;Hagenow Land;67;53.41358;11.21570
8010274;Plaue (Thür);67;50.77839;10.90870
8001663;Edenkoben;67;49.28205;8.14062
8001886;Eschweiler Hbf;67;50.81353;6.25194
8002789;Herrlingen;67;48.41773;9.89773
8000480;Ahrensburg-Gartenholz;67;53.68848;10.25179
8002878;Hochstadt-Marktzeuln;67;50.15313;11.17153
8012260;Luckenwalde;67;52.09059;13.16041
8006390;Wicklesgreuth;67;49.31069;10.71145
8006408;Wiesbaden-Igstadt;67;50.08258;8.32564
8003290;Kirchseeon;66;48.07090;11.88725
8005276;Salzkotten;66;51.67287;8.60049
8004813;Philippsburg (Baden);66;49.23162;8.45402
8011985;Kahla (Thür);66;50.80893;11.58910
8005920;Türkenfeld;66;48.10473;11.07728
8005002;Reichenberg;66;49.73113;9.91289
8003796;Luisenthal (Saar);66;49.24959;6.90421
8000346;Borken (Westf);66;51.84896;6.86528
8005245;Saarburg (Bz Trier);66;49.60645;6.55703
8079140;Köln-Blumenberg;66;51.03741;6.88192
8004713;Ostheim (Kr Hanau);66;50.21910;8.90338
8012701;Radebeul-Zitzschewig;66;51.11451;13.60668
8005871;Tiengen (Hochrhein);66;47.63547;8.27200
8004550;Oberlahnstein;66;50.29993;7.60396
8001289;Burgkunstadt;66;50.13766;11.24272
8003752;Lorch (Württ);66;48.79791;9.69576
8003916;Dortmund-Körne West;66;51.50994;7.50241
8010103;Falkenberg (Elster);66;51.58362;13.24769
8002979;Holzheim (b Neuss);66;51.16565;6.66463
8000671;Auringen-Medenbach;66;50.11361;8.33209
8011222;Böhlen Werke;66;51.18470;12.38402
8001567;Rodgau-Dudenhofen;66;50.01066;8.88448
8011619;Gera-Langenberg;66;50.91697;12.04720
8011913;Leipzig-Holzhausen;66;51.30604;12.46145
8003587;Lauf West;66;49.50113;11.27800
8011421;Dresden-Kemnitz;66;51.07308;13.66892
8011425;Dresden-Stetzsch;66;51.08048;13.65186
8003832;Malsch;66;48.88951;8.32358
8070088;Mühlheim-Dietesheim;66;50.12052;8.85800
8003909;Massen;65;51.54178;7.64371
8001875;Eschenau (Mittelfr);65;49.57538;11.19862
8003592;Laupheim West;65;48.23001;9.84785
8000267;Neuenmarkt-Wirsberg;65;50.09368;11.58106
8005015;Reilsheim;65;49.35397;8.77884
8000479;Kitzingen;65;49.73250;10.15521
8080590;Halle Südstadt;65;51.44796;11.95092
8006534;Wörrstadt;65;49.84625;8.11471
8005708;Steinheim (Westf);65;51.86818;9.08845
8080200;Borgsdorf;65;52.71525;13.27675
8005668;Staffel;65;50.39953;8.04595
8011326;Crivitz;65;53.57252;11.64507
8081688;Cottbus-Willmersdorf Nord;65;51.80674;14.37690
8003253;Kiel-Russee;65;54.31004;10.07021
8087063;Kronberg (Taunus) Süd;65;50.17330;8.52918
8006283;Weinheim-Sulzbach;65;49.57580;8.65636
8002212;Geisenheim;65;49.98597;7.96880
8002499;Hämelerwald;65;52.35470;10.11060
8001609;Duisburg-Rahm;65;51.34683;6.77992
8011596;Gardelegen;65;52.51838;11.40454
8010152;Güsten;65;51.79302;11.60177
8002769;Herdecke;65;51.40481;7.43262
8004635;Oestrich-Winkel;65;50.00266;8.01890
8005415;Schötmar;64;52.06994;8.75495
8003764;Ludwigshafen (Bodensee);64;47.81565;9.05319
8001322;Bad Camberg;64;50.29643;8.25504
8003986;Mersch (Westf);64;51.76211;7.73741
8013008;Sonneberg (Thür) Hbf;64;50.35508;11.16885
8010389;Wustermark;64;52.55185;12.93973
8012241;Lobstädt;64;51.13600;12.44873
8002117;Friedrichsthal (Saar);64;49.32006;7.08913
8005910;Trompet;64;51.41349;6.66911
8004249;Neugilching;64;48.09897;11.28867
8002153;Fürth-Dambach;64;49.46074;10.97020
8005635;Münster-Sprakel;64;52.04151;7.61998
8000382;Gronau (Westf);64;52.21511;7.02244
8003627;Leipheim;64;48.45017;10.21537
8003740;Lohr Bahnhof;64;50.00441;9.58071
8001261;Büttgen;64;51.19721;6.60579
8010117;Templin Stadt;64;53.11713;13.50924
8002334;Gottenheim;64;48.05165;7.72783
8005156;Rodgau-Rollwald;64;49.98799;8.84655
8005735;Stockdorf;64;48.09326;11.40085
8001763;Eltville;64;50.02756;8.12153
8000569;Münster-Amelsbüren;64;51.88366;7.59890
8002474;Guntersblum;64;49.79198;8.35126
8000325;Salzgitter-Ringelheim;64;52.03816;10.31483
8000873;Benningen (Neckar);63;48.94361;9.24450
8002315;Dreieich-Götzenhain;63;49.99422;8.73220
8002484;Guxhagen;63;51.20432;9.48216
8000876;Pirmasens Nord;63;49.25922;7.60440
8005638;Springe;63;52.21515;9.55624
8001399;Deidesheim;63;49.40835;8.19263
8003245;Kettwig Stausee;63;51.35661;6.93914
8000333;Hausach;63;48.28492;8.18167
8003508;Landau (Pfalz) West;63;49.19575;8.10705
8010315;Schmalkalden;63;50.72018;10.44050
8005019;Reinfeld (Holst);63;53.83043;10.49454
8011260;Brehna;63;51.55438;12.22175
8005282;Sande;63;53.48980;8.03152
8002150;Fürth (Odenw);63;49.64853;8.78100
8012646;Plauen (Vogtl) West;63;50.49441;12.11344
8001515;Dortmund-Scharnhorst;63;51.53837;7.53656
8010337;Stollberg (Sachs);63;50.70931;12.77355
8006514;Essen-Holthausen;63;51.41771;7.07265
8003640;Lengerich (Westf);63;52.17578;7.87846
8000765;Bad Wimpfen;62;49.22974;9.16730
8005258;Salach;62;48.68940;9.73718
8004238;Neckarsulm Nord;62;49.20210;9.22868
8013461;Oschatz;62;51.31174;13.10406
8001816;Eppstein-Bremthal;62;50.14140;8.36408
8002848;Hinterzarten;62;47.90628;8.10603
8004478;Nürnberg-Erlenstegen;62;49.47206;11.13729
8005970;Unkel;62;50.60299;7.21968
8003477;Kiel-Elmschenhagen;62;54.28714;10.18041
8005213;Rüdesheim (Rhein);62;49.97689;7.91542
8001659;Eddersheim;62;50.03949;8.45674
8001991;Fischbach-Weierbach;62;49.73890;7.40467
8005798;Sulzbach (Taunus);62;50.12983;8.52799
8000758;Bad Tölz;62;47.76058;11.57394
8006336;Wennigsen (Deister);62;52.27963;9.57217
8004704;Osterode am Harz Mitte;62;51.72604;10.24544
8001815;Eppstein;62;50.13983;8.38764
8000140;Baunatal-Guntershausen;62;51.22992;9.46700
8000605;Arnsberg (Westf);62;51.40566;8.06796
8001527;Dortmund-Barop;62;51.47695;7.43130
8002705;Heilsbronn;62;49.34595;10.79105
8002955;Hohenschäftlarn;62;47.99130;11.45751
8000563;Lebach;62;49.40833;6.90723
8006342;Werl;62;51.55807;7.91414
8010066;Bützow;62;53.83711;11.99819
8002621;Haslach;62;48.28004;8.08798
8000763;Bad Waldsee;62;47.92524;9.75227
8003166;Kalthof (Kr Iserlohn);62;51.42506;7.67236
8000962;Biessenhofen;62;47.82996;10.64047
8002268;Gevelsberg West;61;51.31728;7.31384
8000390;Hochneukirch;61;51.10329;6.46632
8003455;Kruft;61;50.39054;7.33860
8002581;Hannover-Bornum;61;52.35025;9.67954
8002988;Honrath;61;50.91059;7.25288
8005057;Rheinbach Römerkanal;61;50.62828;6.96791
8001066;Bösperde;61;51.45894;7.77423
8003313;Klein Gerau;61;49.91985;8.51674
8010018;Bad Kleinen;61;53.76697;11.46692
8012683;Prora;61;54.44499;13.56406
8005104;Rinteln;61;52.19894;9.07781
8010357;Guben;61;51.95720;14.70678
8004601;Oberwesel;61;50.10446;7.73154
8000062;Steinfurt-Burgsteinfurt;61;52.14738;7.32934
8003283;Kirchheim (Teck) Süd;61;48.64026;9.45179
8004210;Nauheim (b Groß Gerau);61;49.94214;8.44993
8003130;Jüchen;61;51.09711;6.50092
8004674;Olpe;61;51.02774;7.84145
8001378;Darmstadt-Arheilgen;61;49.91341;8.64555
8002844;Himmelreich;61;47.95862;7.99136
8010178;Ilmenau;61;50.68448;10.92309
8000384;Groß Umstadt-Wiebelsbach;61;49.83342;8.94085
8003971;Melsungen-Bartenwetzerbrücke;61;51.13218;9.54884
8004407;Niederschelden Nord Hp;61;50.84419;7.97066
8001459;Dietzenbach-Steinberg;61;50.02524;8.79263
8001347;Creidlitz;61;50.22717;10.98225
8003267;Kirchdorf (Deister);61;52.28985;9.49194
8003214;Katzwang;60;49.35526;11.04272
8010243;Neukieritzsch;60;51.15077;12.41284
8004714;Osthofen;60;49.70542;8.32599
8001250;Büdingen (Oberhess);60;50.28887;9.10260
8002403;Großburgwedel;60;52.50682;9.85853
8003815;Mainz Nord;60;50.02007;8.24685
8007790;Neumünster Stadtwald;60;54.08343;9.96286
8000393;Villingen-Schwenningen Hammerstatt;60;48.06018;8.54692
8004331;Neustadt (Schwarzw);60;47.91020;8.21088
8004726;Otterfing;60;47.91139;11.68212
8070097;Sinsheim Museum/Arena;60;49.24124;8.89993
8000794;Bammental;60;49.35959;8.78369
8003829;Bad Malente-Gremsmühlen;60;54.16701;10.55151
8000688;Neufahrn (Niederbay);60;48.72988;12.19046
8006456;Willsbach;60;49.14242;9.35887
8003354;Koblenz-Moselweiß;60;50.34946;7.56065
8004050;Möckmühl;60;49.32111;9.35798
8001922;Vierkirchen-Esterhofen;60;48.36112;11.44511
8005888;Tostedt;60;53.27205;9.73201
8001008;Blankenheim (Wald);60;50.44187;6.59350
8001636;Ebersdorf (b Coburg);60;50.22427;11.06464
8006356;Wesel-Feldmark;60;51.67666;6.61631
8000821;Batzenhäusle;60;48.08906;7.94108
8005950;Uhlerborn;60;50.01067;8.14258
8012869;Görlitz-Rauschwalde;60;51.14908;14.93601
8002612;Hartmannshof;60;49.49886;11.55456
8004323;Neustadt (Aisch) Bahnhof;60;49.57688;10.58803
8000030;Bedburg (Erft);60;50.98748;6.57261
8001616;Durmersheim;60;48.92890;8.27263
8004900;Pulling (b Freising);60;48.36339;11.70708
8005181;Rot-Malsch;60;49.24339;8.65221
8000386;Haiger;60;50.74135;8.22066
8003989;Mertingen Bahnhof;60;48.66097;10.82475
8003039;Icking;60;47.95325;11.43665
8003397;Kolbermoor;60;47.85193;12.06415
8001864;Erzhausen;60;49.95087;8.65099
8005049;Retzbach-Zellingen;60;49.90515;9.81421
8006273;Weil am Rhein Ost;60;47.59063;7.63478
8004842;Plüderhausen;59;48.79668;9.59585
8000942;Biberach (Baden);59;48.33839;8.03276
8000338;Mindelheim;59;48.04492;10.50163
8004133;München Leienfelsstraße;59;48.15454;11.42852
8005659;St. Wendel;59;49.46695;7.16529
8010069;Calau (Niederlausitz);59;51.73812;13.97982
8002775;Hennef Im Siegbogen;59;50.77316;7.31329
8005425;Schopfheim West;59;47.64554;7.80171
8004284;Neuhaus (Pegnitz);59;49.62665;11.55171
8004451;Nordendorf;59;48.59343;10.83731
8005225;Rumeln;59;51.39811;6.67598
8010006;Arnsdorf (b Dresden);59;51.09281;13.98221
8006666;Zirndorf Kneippallee;59;49.45003;10.94530
8000213;Kreiensen;59;51.85142;9.96780
8004353;Nieder Wöllstadt;59;50.28029;8.76736
8005662;Stadthagen;59;52.33284;9.18943
8000196;Warburg (Westf);59;51.49295;9.16385
8000788;Balingen Süd;59;48.26901;8.84648
8012775;Rodewisch;59;50.52865;12.39534
8002711;Heimersheim;59;50.54745;7.17441
8010021;Bad Salzungen;59;50.81491;10.22943
8002290;Glesch;59;50.97126;6.58963
8002763;Herbolzheim (Breisgau);59;48.22387;7.76764
8004741;Owschlag;59;54.39260;9.59052
8004420;Niederweimar;59;50.75677;8.73367
8003915;Mauer (b Heidelberg);59;49.33580;8.79555
8005102;Rinkerode;59;51.84438;7.68939
8004425;Niefern;59;48.92016;8.76952
8006528;Darmstadt-Wixhausen;59;49.93087;8.64805
8001329;Castrop-Rauxel-Merklinde;59;51.52793;7.32431
8002410;Großen Linden;59;50.52785;8.66200
8004865;Poppenhausen;59;50.10048;10.13879
8006132;Wächtersbach;59;50.25396;9.29583
8005127;Röhrmoos;59;48.33332;11.44477
8002210;Geisenbrunn;58;48.10916;11.32485
8002262;Geseke;58;51.64523;8.51029
8003585;Laufenburg (Baden);58;47.56341;8.05831
8002630;Haßfurt;58;50.03332;10.51000
8002337;Gottmadingen;58;47.73740;8.77543
8000653;Aufhausen (b Erding);58;48.27437;11.89438
8003526;Langen-Flugsicherung;58;50.00571;8.65856
8013492;Seddin;58;52.29184;12.98545
8003314;Kleinostheim;58;50.00265;9.07225
8003014;Hüfingen Mitte;58;47.92896;8.49006
8001511;Groß Gerau-Dornheim;58;49.87751;8.49366
8003922;Maxhütte-Haidhof;58;49.19802;12.10782
8000872;Bennigsen;58;52.24073;9.66638
8003524;Langenargen;58;47.59949;9.54484
8004185;Murnau;58;47.68227;11.19263
8005901;Triangel;58;52.50951;10.57824
8001535;Dortmund-Körne;58;51.51343;7.51537
8000783;Baiersdorf;58;49.65615;11.03698
8001200;Bruchmühlbach-Miesau;58;49.38534;7.44398
8003135;Jünkerath;58;50.34477;6.58094
8011043;Angersdorf;58;51.46041;11.90314
8011334;Dabendorf;58;52.23733;13.43729
8010182;Jüterbog;58;51.99751;13.05435
8004952;Ratzeburg;58;53.69821;10.74063
8001773;Emmerich;58;51.83418;6.25648
8006189;Hebertshausen;58;48.29111;11.45549
8006378;Westheim (Schwab);58;48.38599;10.81823
8011770;Grüna (Sachs);58;50.81142;12.79851
8002916;Hörstmar (Lippe);58;52.01250;8.84498
8000879;Bad Bentheim;58;52.30985;7.15854
8003381;Königshofen (Baden);58;49.54602;9.72467
8003817;Mainz-Gonsenheim;58;49.99776;8.21448
8004328;Neustadt (Kr Marburg);58;50.85045;9.12064
8002027;Forsthaus;58;51.30341;6.50350
8005317;Schallstadt;58;47.95595;7.75389
8001049;Bad Bodendorf;58;50.55627;7.21722
8081722;Lehnitz;58;52.74170;13.26322
8003992;Merzig (Saar);58;49.43642;6.63419
8004513;Oberbettingen-Hillesheim;58;50.28293;6.63834
8004676;Olsberg;58;51.36050;8.48421
8010290;Quedlinburg;58;51.78527;11.15300
8000736;Bad Rappenau;58;49.23777;9.10153
8002358;Grebenstein;58;51.44724;9.42053
8004433;Nieukerk;57;51.45808;6.37559
8000842;Bedburg-Hau;57;51.75805;6.17348
8010385;Wolkramshausen;57;51.44002;10.74566
8001061;Bönen;57;51.59801;7.75730
8002272;Giengen (Brenz);57;48.62002;10.23699
8003778;Lübeck-Travemünde Strand;57;53.96480;10.87560
8004788;Pfeddersheim;57;49.63463;8.27965
8005177;Roßtal;57;49.40069;10.89863
8003969;Mengen;57;48.05370;9.33655
8005610;Sontra;57;51.07215;9.93093
8005954;Ulm-Donautal;57;48.36634;9.94036
8006060;Vechelde;57;52.25721;10.35976
8001471;Dissen-Bad Rothenfelde;57;52.11192;8.18530
8012888;Schmilka-Hirschmühle;57;50.88992;14.22842
8002293;Glückstadt;57;53.78861;9.42832
8000201;Kirchenlaibach;57;49.86990;11.77632
8080100;Bergfelde (b Berlin);57;52.67030;13.32024
8002465;Gundelfingen;57;48.04402;7.87418
8002539;Halle (Westf);57;52.05730;8.35773
8000858;Beimerstetten;57;48.48097;9.97683
8005264;Einbeck-Salzderhelden;57;51.79817;9.92277
8000694;Bad Breisig;57;50.50422;7.30456
8001059;Böhringen-Rickelshausen;57;47.74873;8.92665
8002766;Herbrechtingen;57;48.62563;10.17033
8003713;Lissendorf;57;50.31849;6.61516
8006389;Wickede (Ruhr);57;51.49320;7.86971
8000863;Bellheim;57;49.18830;8.29456
8002235;Gengenbach;57;48.40466;8.01019
8000891;Schlüchtern;57;50.34118;9.51004
8006648;Zeppelinheim;57;50.03652;8.60515
8011250;Brand Tropical Islands;57;52.02995;13.72149
8012867;Schkopau;57;51.38899;11.99210
8004755;Parsberg;57;49.16436;11.72335
8000757;Bad Teinach-Neubulach;57;48.67847;8.72715
8001245;Bückeburg;57;52.26766;9.04754
8011542;Finsterwalde (Niederlausitz);57;51.63700;13.71039
8001393;Dedensen / Gümmer;57;52.40705;9.52125
8001836;Schwerte-Ergste;57;51.42471;7.57753
8012344;Leipzig Miltitzer Allee;57;51.31535;12.26735
8000387;Hergatz;57;47.64681;9.82738
8010268;Pasewalk;57;53.51535;13.98888
8013114;Tharandt;57;50.98287;13.59211
8004917;Radldorf (Niederbay);56;48.87467;12.44307
8005865;Thür;56;50.35881;7.27708
8001747;Ellhofen;56;49.14995;9.31603
8001961;Farchant;56;47.53097;11.11486
8006680;Zweibrücken Hbf;56;49.24681;7.35664
8001944;Eutingen Nord;56;48.48470;8.75310
8002096;Fridingen (b Tuttlingen);56;48.03182;8.93606
8011752;Großkugel;56;51.41845;12.16537
8000389;Hochdorf (b Horb);56;48.48248;8.72405
8005140;Röthenbach (Pegnitz);56;49.47940;11.23110
8005791;Sulz (Neckar);56;48.36648;8.63675
8006590;Wulfen (Westf);56;51.71919;7.01158
8004306;Neustadt Süd;56;49.34155;8.15706
8005918;Tübingen-Lustnau;56;48.52405;9.09488
8081420;Strausberg Stadt;56;52.57698;13.88813
8000772;Baddeckenstedt;56;52.08916;10.22877
8004616;Swisttal-Odendorf;56;50.65116;6.87976
8003925;Unna-West;56;51.53898;7.67643
8003462;Euskirchen-Kuchenheim;56;50.65560;6.83448
8003996;Messel;56;49.92172;8.74597
8000354;Bassum;56;52.84739;8.73992
8004589;Wildeck-Obersuhl;56;50.95062;10.02623
8005644;St. Georgen (Schwarzw);56;48.12381;8.34196
8002793;Hersbruck (links Pegnitz);56;49.50046;11.43514
8003605;Riedstadt-Wolfskehlen;56;49.85394;8.49310
8003891;Marl-Sinsen;56;51.66775;7.17348
8010328;Sömmerda;56;51.16495;11.12758
8005592;Solms;56;50.54559;8.40669
8000351;Altenkirchen (Westerw);56;50.68442;7.63826
8003216;Kaub;56;50.08320;7.76875
8003233;Kenzingen;56;48.19445;7.76409
8001330;Cham (Oberpf);56;49.22187;12.65683
8005111;Rockenhausen;56;49.62839;7.81727
8004712;Ostheim (b Butzbach);56;50.40660;8.67532
8013433;Zwickau-Pölbitz;56;50.73721;12.47966
8010016;Bad Doberan;56;54.10000;11.90533
8001143;Breisach;56;48.02692;7.58935
8001803;Enzberg;56;48.93388;8.79980
8003731;Lörzenbach-Fahrenbach;56;49.63885;8.76463
8005369;Schloß Holte;56;51.90797;8.61119
8002542;Hallstadt (b Bamberg);56;49.92955;10.88545
8001549;Dortmund-Somborn;56;51.49601;7.35008
8010047;Biederitz;56;52.15271;11.71647
8002073;Meschede-Freienohl;56;51.36642;8.16948
8006465;Nidderau-Windecken;56;50.22506;8.87607
8001337;Cloppenburg;55;52.84400;8.05576
8005836;Teningen-Mundingen;55;48.12878;7.82441
8000714;Bad Kissingen;55;50.19155;10.07989
8000683;Bacharach;55;50.05610;7.76952
8010014;Bad Blankenburg (Thüringerw);55;50.68265;11.27550
8001234;Buchholz (Baden);55;48.08358;7.91517
8001977;Felde;55;54.30985;9.94702
8003415;Kottenheim;55;50.34897;7.24891
8012183;Flughafen Leipzig/Halle;55;51.42334;12.22343
8003321;Kleinenbroich;55;51.19566;6.55197
8004382;Niederjosbach;55;50.14981;8.35102
8001925;Etterzhausen;55;49.03061;11.97803
8004835;Pleinfeld;55;49.10611;10.97717
8006207;Warendorf-Einen-Müssingen;55;51.96140;7.89477
8011656;Görlitz-Weinhübel;55;51.12866;14.97027
8012146;Lancken;55;54.51803;13.60788
8004723;Ottenhofen (Oberbay);55;48.21813;11.87938
8005704;Steinhagen (Westf);55;52.01742;8.42079
8002632;Haßloch (Pfalz);55;49.37196;8.25340
8006017;Untersteinach (b Stadtsteinach);55;50.12985;11.52812
8000269;Neukirchen (b Sulzbach-Rosenberg);55;49.52433;11.61954
8002171;Gaimersheim;55;48.79879;11.36979
8003481;Kusel;55;49.53828;7.41033
8000800;Norden;55;53.58820;7.21891
8012554;Oelsnitz (Vogtl);55;50.41323;12.15900
8011271;Brück (Mark);55;52.18679;12.75847
8000334;Jübek;55;54.55878;9.40544
8005054;Reutlingen-Sondelfingen;55;48.51513;9.23691
8006267;Weiherhof;55;49.45993;10.92849
8010142;Grimmenthal;55;50.53295;10.45051
8003760;Loxstedt;55;53.47465;8.65430
8000011;Ascheberg (Holst);55;54.14846;10.33948
8001090;Bopfingen;55;48.85515;10.35171
8002470;Gundelsheim (Neckar);55;49.28293;9.15787
8003349;Knöringen-Essingen;55;49.23749;8.14823
8000586;Langwedel;55;52.97788;9.19498
8001762;Eltersdorf;54;49.55207;10.99637
8002918;Hösbach;54;49.99971;9.22901
8000781;Baierbrunn;54;48.01874;11.48003
8003282;Kirchheim (Teck)-Ötlingen;54;48.65776;9.41629
8006131;Wächterhof;54;48.03357;11.71273
8003507;Landau (Pfalz) Süd;54;49.18916;8.11418
8000669;Aumühle;54;53.52985;10.31467
8011935;Ilmenau-Pörlitzer Höhe;54;50.69469;10.92289
8003255;Schöneck-Kilianstädten;54;50.20179;8.84042
8004126;Münchberg;54;50.18904;11.79067
8005065;Rheinhausen Ost;54;51.40187;6.72411
8006157;Waldhausen (b Schorndorf);54;48.78919;9.63793
8004945;Rastede;54;53.24460;8.19101
8000711;Bad Hönningen;54;50.51368;7.31087
8001929;Etzelwang;54;49.52553;11.58641
8010106;Falkenstein (Vogtl);54;50.47906;12.36109
8011745;Großdeuben;54;51.23235;12.38319
8000697;Bad Driburg (Westf);54;51.73032;9.03081
8079616;Singen-Industriegebiet;54;47.75945;8.87213
8000437;Ahaus;54;52.08168;7.01645
8000999;Bisingen;54;48.31277;8.92103
8011078;Bad Liebenwerda;54;51.51840;13.40293
8005979;Böbingen (Rems);54;48.82244;9.91281
8000277;Nidda;54;50.41145;8.99888
8004171;Münster (b Dieburg);54;49.92368;8.85389
8005062;Rheinbrohl;54;50.48949;7.33343
8003754;Lorsbach;54;50.11489;8.42285
8003828;Malching (Oberbay);54;48.21545;11.21906
8005809;Syke;54;52.91616;8.80979
8000840;Beckingen (Saar);54;49.38688;6.68802
8001382;Dasing;54;48.38624;11.05217
8010122;Geithain;54;51.05822;12.69745
8003956;Melle;54;52.20926;8.34322
8010331;St Egidien;54;50.78957;12.62256
8004816;Pfungstadt;54;49.80622;8.60703
8004978;Rednitzhembach;54;49.30389;11.06374
8006321;Welschingen-Neuhausen;54;47.83403;8.76922
8001954;Fahrnau;54;47.66156;7.83943
8004417;Niederwalgern;54;50.73660;8.70838
8002439;Grünberg (Oberhess);54;50.59659;8.95993
8002683;Hegne;54;47.70604;9.09957
8004202;Nagold-Iselshausen;54;48.53154;8.72589
8001242;Büchenbach;54;49.26777;11.07419
8012416;Naunhof;54;51.27709;12.59424
8004702;Osterholz-Scharmbeck;54;53.22278;8.79743
8000984;Birkenau;54;49.56104;8.70836
8012889;Schmölln (Thür);54;50.89832;12.35490
8002175;Galgenschanze;54;49.43549;7.74412
8001231;Buchenhain;54;48.03126;11.49744
8001621;Ebenhausen-Schäftlarn;54;47.97869;11.45361
8003702;Lingenfeld;54;49.25258;8.34952
8001183;Ostbevern;54;52.07012;7.80929
8006095;Vöhrum;53;52.33543;10.16880
8000374;Freinsheim;53;49.50149;8.20519
8013354;Schwerin-Wüstmark;53;53.58405;11.39963
8003786;Lübeck-Dänischburg IKEA;53;53.91120;10.73558
8010092;Ebersbach (Sachs);53;51.00438;14.57880
8004504;Oberasbach;53;49.41668;10.96425
8004642;Oeventrop;53;51.39202;8.13208
8002700;Heilbronn Trappensee;53;49.14028;9.25257
8002535;Halver-Oberbrügge;53;51.19187;7.57404
8001995;Fischen;53;47.45659;10.27172
8004746;Paffendorf;53;50.96169;6.60700
8080370;Elstal;53;52.54749;13.00011
8004310;Neunkirchen a Sand;53;49.52040;11.32205
8006535;Wörsdorf;53;50.24475;8.24932
8073410;Zielitz Ort;53;52.28829;11.67631
8000477;Aldekerk;53;51.43576;6.41254
8001827;Erdmannhausen;53;48.94823;9.29941
8012375;Leipzig-Mölkau;53;51.32524;12.45982
8005333;Schelklingen;53;48.37170;9.73527
8010146;Großkorbetha;53;51.26732;12.02217
8000815;Hemmoor;53;53.68408;9.16580
8003266;Kirchberg (Murr);53;48.93916;9.32906
8003438;Kreuzstraße;53;47.91649;11.75901
8005652;St. Koloman;53;48.24375;11.88297
8001634;Ebersberg (Oberbay);53;48.07497;11.97024
8005400;Schonungen;53;50.04920;10.30491
8002824;Hiddenhausen-Schweicheln;53;52.15844;8.66824
8006630;Xanten;53;51.65967;6.44529
8002532;Haitz-Höchst;53;50.20863;9.22682
8010177;Hoyerswerda;53;51.43279;14.23141
8004111;Mühlheim (b Tuttlingen);53;48.02921;8.88564
8000996;Maintal West;53;50.14099;8.80530
8001178;Bretzfeld;53;49.17274;9.44030
8002102;Friedland (Han);53;51.42156;9.91475
8003072;Indersdorf;53;48.35239;11.37845
8013383;Zella-Mehlis West;53;50.65855;10.64954
8000203;Kißlegg;53;47.79353;9.88192
8004595;Uhldingen-Mühlhofen;53;47.73700;9.24842
8000727;Bad Münstereifel;53;50.55891;6.76437
8001180;Nettetal-Breyell;53;51.29462;6.24117
8005426;Schopfheim-Schlattholz;53;47.65390;7.83330
8011294;Burg (b Magdeburg);53;52.27441;11.84036
8002941;Krefeld-Hohenbudberg Chempark;53;51.37353;6.66446
8002120;Friedrichshafen Flughafen;53;47.67221;9.52371
8004053;Mögglingen (b Gmünd);53;48.82529;9.96032
8002852;Hirsau;53;48.73406;8.73679
8003432;Kressbronn;53;47.59424;9.59885
8004253;Neubrücke (Nahe);53;49.60607;7.17270
8005227;Rummenohl;53;51.27781;7.52831
8003183;Karlsruhe West;52;49.00216;8.36295
8003520;Lang Göns;52;50.49794;8.66709
8012817;Leipzig-Rückmarsdorf;52;51.34187;12.28267
8005001;Renningen Süd;52;48.76267;8.93203
8000282;Nordstemmen;52;52.16755;9.79094
8000288;Wiesbaden-Biebrich;52;50.04883;8.23642
8001554;Dreieich-Dreieichenhain;52;49.99847;8.70869
8004826;Plaidt;52;50.39520;7.39364
8005208;Rückersbacher Schlucht;52;50.01963;9.05719
8000588;Anwanden;52;49.41169;10.93040
8000123;Gerolstein;52;50.22401;6.66037
8000882;Beratzhausen;52;49.09285;11.80785
8000222;Lauterbach (Hess) Nord;52;50.64361;9.40805
8013188;Vetschau;52;51.78976;14.08102
8002243;Gerlachsheim;52;49.58089;9.71061
8003920;Maulburg;52;47.64437;7.78066
8006369;Westerland (Sylt);52;54.90684;8.31092
8002238;Gennweiler;52;49.36998;7.04998
8001386;Darmstadt-Lichtwiese;52;49.86104;8.68753
8003809;Maikammer-Kirrweiler;52;49.30558;8.14718
8000452;Aichach;52;48.46112;11.12272
8003872;Markelfingen;52;47.73936;9.00277
8002259;Gertenbach;52;51.37973;9.80471
8002105;Friedberg Süd;52;50.32028;8.74765
8002434;Grub am Forst;52;50.22752;11.02586
8002571;Hamminkeln;52;51.73510;6.60175
8004066;Mörlenbach;52;49.59730;8.73099
8006572;Wrist;52;53.93238;9.74813
8077434;Neckarbischofsheim Nord;52;49.30710;8.94227
8002504;Haffkrug;52;54.05419;10.74268
8004490;Nufringen;52;48.62028;8.88980
8000538;Altenstadt (Hess);52;50.28340;8.94398
8001749;Ellingen (Bay);52;49.06623;10.95969
8005389;Landsberg (Lech) Schule;52;48.05418;10.86964
8005141;Röthenbach-Steinberg;52;49.48336;11.24617
8005142;Röthenbach-Seespitze;52;49.49152;11.26149
8005911;Trossingen Bahnhof;52;48.08766;8.58515
8002635;Hattenheim;52;50.01366;8.05680
8003287;Kirchhundem;52;51.08607;8.07810
8000701;Bad Ems;52;50.32765;7.72864
8005588;Sinzheim Nord;52;48.77082;8.16979
8005059;Rheinberg (Rheinl);52;51.54238;6.59194
8004801;Pforzheim-Weißenstein;52;48.86515;8.67645
8000468;Albig;52;49.77137;8.11658
8011486;Elster (Elbe);52;51.83233;12.82770
8012199;Leißling;52;51.18548;11.90982
8001352;Cuxhaven;51;53.86090;8.70343
8000160;Herbertingen;51;48.06394;9.41460
8010254;Nienhagen (b Halberstadt);51;51.95120;11.17006
8005221;Rüsselsheim Opelwerk;51;49.98800;8.40037
8011057;Auehütte;51;50.71967;10.41667
8000418;Adelebsen;51;51.57769;9.76004
8001908;Essen-Hügel;51;51.40452;7.00882
8003298;Kirnsulzbach;51;49.76232;7.43548
8004107;Mühlhausen (b Engen);51;47.81366;8.80439
8001689;Ehningen (b Böblingen);51;48.66268;8.94426
8087080;Maulbronn West;51;48.98374;8.78154
8004683;Orschweier;51;48.27419;7.79028
8005217;Rülzheim;51;49.16087;8.29045
8006432;Wildberg (Württ);51;48.62528;8.74295
8000101;Eutingen im Gäu;51;48.47995;8.78224
8000336;Leutkirch;51;47.82617;10.01584
8006290;Weinsberg West;51;49.15116;9.27314
8012742;Reinhardsbrunn-Friedrichroda;51;50.86350;10.56273
8005466;Schwarzenbach (Saale);51;50.22037;11.93589
8006032;Urft;51;50.51237;6.58017
8003061;Immendingen Mitte;51;47.93711;8.73516
8002494;Hachenburg;51;50.66400;7.82289
8000443;Ahlten (Han);51;52.37606;9.90461
8011471;Eisenhüttenstadt;51;52.14798;14.65844
8002875;Hochspeyer;51;49.44399;7.90424
8000702;Bad Ems West;51;50.33069;7.70604
8001359;Dahlem (Eifel);51;50.38575;6.55038
8011678;Gotha Ost;51;50.96188;10.72087
8005966;Undorf;51;49.02714;11.93914
8000518;Altenberge;51;52.05226;7.48130
8013428;Zschortau;51;51.48369;12.36134
8000851;Beienheim;51;50.35913;8.82102
8001428;Dettingen (Teck);51;48.61641;9.45488
8005316;Schalksmühle;51;51.24059;7.53275
8001741;Völksen-Eldagsen;51;52.21187;9.62653
8000166;Herzberg (Harz);51;51.64386;10.32992
8004364;Niederbrechen;51;50.35960;8.15986
8005178;Roßtal-Wegbrücke;51;49.39478;10.88541
8001416;Weilerswist-Derkum;50;50.70496;6.81683
8005322;Scharmede;50;51.71179;8.64524
8002023;Forchheim (b Karlsruhe);50;48.96478;8.33893
8006294;Weinsberg/Ellhofen Gewerbegebiet;50;49.14876;9.30555
8000402;Karthaus;50;49.71034;6.59685
8005287;Sandkrug;50;53.05443;8.25499
8006171;Walheim (Württ);50;49.01094;9.15212
8004609;Ochenbruck;50;49.36284;11.25383
8005714;Steinsfurt;50;49.23582;8.90798
8000350;Alsfeld (Oberhess);50;50.75096;9.26430
8001264;Buir;50;50.86240;6.57451
8001394;Dedinghausen;50;51.67236;8.39828
8001679;Eggmühl;50;48.83650;12.18219
8002018;Föhren;50;49.85710;6.76753
8011878;Hirschfelde;50;50.94339;14.89102
8003248;Kiebingen;50;48.47937;8.97374
8000638;Attendorn;50;51.12464;7.90849
8005260;Salmtal;50;49.92168;6.83925
8004302;Neukloster (Kr Stade);50;53.48126;9.63972
8000091;Steinach (b Rothenburg o.d. Tauber);50;49.45322;10.27354
8010012;Auerbach (Vogtl) unt Bf;50;50.51172;12.39142
8070005;Heidenheim Voithwerk;50;48.66948;10.15608
8002773;Hergershausen;50;49.93680;8.91657
8003247;Kevelaer;50;51.58101;6.25223
8013192;Vieselbach;50;50.99295;11.13833
8011711;Gröbers;50;51.43235;12.11683
8004680;Oppenheim;50;49.85756;8.35808
8081260;Schönebeck (Elbe) Süd;50;52.00675;11.73730
8011238;Borkheide;50;52.23078;12.85441
8005845;Thalfingen (b Ulm);50;48.43298;10.04785
8007443;Eschelbronn;50;49.32398;8.86780
8001297;Burgthann;50;49.34247;11.30931
8005646;St. Goarshausen;50;50.15604;7.71425
8000508;Altbach;50;48.72039;9.38238
8001507;Dormagen Chempark;50;51.07704;6.83817
8001665;Edesheim (Pfalz);50;49.26374;8.13908
8012369;Mittweida;50;50.98754;12.95986
8010388;Wüstenbrand;50;50.80548;12.75642
8011694;Greifswald Süd;50;54.07644;13.39666
8005645;St. Goar;50;50.15015;7.71459
8011340;Dahlewitz;50;52.32662;13.41958
8006061;Vechta;50;52.72890;8.28037
8000941;Bexbach;50;49.34570;7.25446
8003497;Lambrecht (Pfalz);50;49.37334;8.07439
8004206;Nassau (Lahn);50;50.31148;7.80069
8004312;Neunkirchen (Saar)-Wellesweiler;50;49.34956;7.22679
8000319;Rohrbach (Saar);50;49.27674;7.15740
8004242;Nettersheim;50;50.49065;6.62954
8006323;Welver;50;51.61625;7.95665
8000753;Bad Sooden-Allendorf;50;51.26797;9.96870
8003016;Hünfeld;50;50.67327;9.76245
8003150;Kaiserslautern Pfaffwerk;50;49.43471;7.75125
8013439;Blankenburg (Harz);50;51.79582;10.96118
8000499;Allmendingen;50;48.32773;9.72238
8000951;Biebesheim;50;49.78198;8.47398
8001047;Bodelshausen;50;48.38337;8.99060
8011560;Frankleben;50;51.30956;11.93758
8012224;Lichtentanne (Sachs);50;50.69935;12.41966
8003032;Husby;50;54.76437;9.57550
8011034;Altranft;50;52.76337;14.08211
8003100;Ittling;50;48.88491;12.63800
8012084;Kolkwitz Süd;50;51.74691;14.24218
8005493;Schwetzingen-Hirschacker;50;49.40680;8.55634
8010022;Bad Schandau;49;50.91929;14.13754
8000966;Bigge;49;51.35828;8.47525
8004060;Espenau-Mönchehof;49;51.39067;9.45595
8010284;Priemerburg;49;53.79598;12.22302
8001700;Kreuztal-Eichen;49;50.97386;7.97793
8002083;Fremersdorf;49;49.41008;6.64787
8004529;Oberferrieden;49;49.33148;11.33343
8010198;Kühnhausen;49;51.03637;10.97807
8000818;Ochsenfurt;49;49.66304;10.07178
8005101;Ringsheim/Europa-Park;49;48.24873;7.77304
8013079;Sukow (b Schwerin);49;53.55479;11.55956
8002182;Garbenteich;49;50.54029;8.74527
8010064;Britz;49;52.87327;13.82111
8001357;Dahl;49;51.30338;7.52790
8002227;Gelsenkirchen-Rotthausen;49;51.49264;7.08901
8006346;Wernau (Neckar);49;48.69425;9.41390
8001766;Elzach;49;48.17119;8.07089
8003954;Meldorf;49;54.08777;9.08009
8001017;Bleibach;49;48.12409;8.00478
8000391;Holzminden;49;51.82027;9.45374
8006125;Wachenheim (Pfalz);49;49.43930;8.19115
8012292;Magdeburg-Sudenburg;49;52.12043;11.59714
8001838;Eriskirch;49;47.62840;9.52667
8001339;Coburg-Neuses;49;50.27800;10.95128
8005665;Stadtoldendorf;49;51.88100;9.62052
8003431;Kremperheide;49;53.88118;9.48038
8000172;Höchst (Odenw);49;49.79450;8.98855
8005925;Tuttlingen Schulen;49;47.98734;8.80117
8001692;Ehringhausen (Kr Lippstadt);49;51.66281;8.44926
8002745;Hemmerde;49;51.55394;7.80336
8002932;Hoffnungsthal;49;50.91136;7.19651
8002978;Bad Holzhausen;49;52.28910;8.54585
8003408;Kork;49;48.57002;7.87480
8003544;Langenhorn (Schlesw);49;54.68593;8.94641
8006575;Wülfrath-Aprath;49;51.26789;7.07202
8005590;Solingen-Schaberg;49;51.16321;7.12818
8005746;Stommeln;49;51.01809;6.75247
8006240;Weeze;49;51.62429;6.19798
8000256;Rohrbach (Ilm);49;48.60655;11.57335
8001108;Bottrop-Vonderort;49;51.50173;6.91229
8002374;Edermünde-Grifte;48;51.20996;9.44886
8002792;Herrsching;48;47.99885;11.17057
8010173;Holthusen;48;53.55583;11.36481
8003342;Klosterlechfeld;48;48.15539;10.83263
8003659;Letter;48;52.39390;9.63948
8004847;Pölling;48;49.28828;11.41368
8003788;Lünern;48;51.54337;7.76077
8011966;Jößnitz;48;50.53762;12.13983
8001865;Erzingen (Baden);48;47.65954;8.43012
8003015;Hofgeismar-Hümme;48;51.54292;9.40197
8003262;Kirch Göns;48;50.47337;8.66687
8002134;Fronhausen (Lahn);48;50.70633;8.69865
8004352;Saulheim;48;49.87381;8.15425
8005895;Trebgast;48;50.06533;11.55229
8010361;Waren (Müritz);48;53.52151;12.68068
8006303;Weißenthurm;48;50.42118;7.45099
8004875;Postbauer-Heng;48;49.30892;11.35885
8013286;Wernigerode Elmowerk;48;51.83879;10.76926
8005027;Reiskirchen (Kr Gießen);48;50.59783;8.83093
8001787;Bad Endorf (Oberbay);48;47.90507;12.30156
8004004;Mettlach;48;49.49548;6.59832
8004415;Vellmar-Niedervellmar;48;51.35185;9.47844
8003227;Kellmünz;48;48.12029;10.12462
8000663;Monsheim;48;49.63367;8.20816
8010287;Pritzwalk;48;53.14576;12.18452
8013074;Sülzenbrücken;48;50.88739;10.89587
8001672;Egelsbach;48;49.96911;8.65363
8010100;Elsterwerda-Biehla;48;51.47223;13.51927
8002931;Hoffenheim;48;49.27204;8.83841
8000504;Altdorf West;48;49.39115;11.34147
8001244;Büches-Düdelsheim;48;50.29737;9.06675
8002959;Hohenwestedt;48;54.08659;9.65416
8010214;Löwenberg (Mark);48;52.89680;13.19005
8001096;Steinfurt-Borghorst;48;52.11874;7.39754
8000372;Enkenbach;48;49.48993;7.89950
8000511;Alte Veste;48;49.45432;10.97236
8012658;Pößneck unt Bf;48;50.70054;11.60687
8000675;Aying;47;47.96876;11.76958
8011376;Dieskau;47;51.45059;12.05090
8002214;Geisingen;47;47.92134;8.65395
8011792;Haarhausen;47;50.86744;10.90572
8003516;Landsweiler-Reden;47;49.35225;7.11932
8004392;Niederlinxweiler;47;49.43220;7.16069
8004610;Westerstede-Ocholt;47;53.20217;7.88647
8010267;Parchim;47;53.43032;11.83127
8000347;Glauburg-Stockheim;47;50.32706;9.01012
8000154;Türkismühle;47;49.58036;7.11461
8010130;Glauchau-Schönbörnchen;47;50.82106;12.50067
8002666;Hausen-Raitbach;47;47.67931;7.84604
8001098;Borken (Hess);47;51.05068;9.27700
8000054;Brilon Wald;47;51.34916;8.57607
8001713;Eilvese;47;52.54521;9.42815
8000434;Agathenburg;47;53.56411;9.53124
8011131;Beilrode;47;51.57100;13.06494
8001764;Elz (Kr Limburg/Lahn);47;50.41429;8.03846
8003504;Lampertsmühle-Otterbach;47;49.48366;7.72941
8001139;Bredstedt;47;54.62117;8.97034
8000977;Hagen-Vorhalle;47;51.38822;7.43373
8002751;Henfenfeld;47;49.50141;11.38655
8002857;Hirschhorn (Neckar);47;49.44267;8.89606
8012454;Neugersdorf;47;50.98664;14.61163
8000664;Augustfehn;47;53.22089;7.75966
8001296;Burgstall (Murr);47;48.92865;9.36993
8011495;Leipzig Werkstättenstraße;47;51.34060;12.45618
8000088;Soltau (Han);47;52.98302;9.83111
8002930;Hofen (b Aalen);47;48.87269;10.11441
8005763;Stubben;47;53.40579;8.78052
8006361;Westbevern;47;52.03098;7.74370
8005069;Rheinzabern;47;49.11954;8.27417
8010359;Waldheim;47;51.07582;13.01392
8001539;Dortmund-Lütgendortmund Nord;47;51.50852;7.34240
8010168;Hettstedt;47;51.63694;11.51323
8003533;Bad Schönborn Süd;47;49.20000;8.64192
8003294;Kirkel;47;49.28618;7.22645
8003684;Limbach (b Homburg,Saar);47;49.31215;7.27913
8012482;Niederau;47;51.17609;13.56042
8004555;Oberlinxweiler;47;49.45071;7.15112
8005561;Sierksdorf;47;54.06852;10.76911
8006392;Wiebelskirchen;47;49.37114;7.17567
8070170;Durmersheim Nord;47;48.93780;8.28058
8002495;Hadamar;47;50.44719;8.04345
8004466;Nortorf;47;54.16663;9.85258
8010370;Weißwasser (Oberlausitz);47;51.50544;14.63803
8005617;Spaichingen Mitte;47;48.07850;8.73043
8002249;Gernsheim;47;49.75360;8.49020
8000894;Berghausen (Pfalz);47;49.29545;8.40617
8010046;Beucha;47;51.32362;12.57313
8011230;Boizenburg (Elbe);47;53.37806;10.75428
8002704;Heiligenstein (Pfalz);47;49.28566;8.39373
8001035;Bochum-Riemke;47;51.51780;7.20528
8003635;Lemmie;47;52.28510;9.60857
8001287;Burgholzhausen v d Höhe;47;50.25779;8.67711
8001818;Erbach (Rheingau);47;50.02327;8.09465
8005510;Sehlem (Kr Wittlich);47;49.90696;6.82342
8003680;Limburg Süd;46;50.38250;8.09611
8004063;Mönchengladbach-Rheindahlen;46;51.15071;6.35789
8005301;Bad Saulgau;46;48.01359;9.50108
8006476;Winkelhaid;46;49.39295;11.30104
8005261;Bad Soden-Salmünster;46;50.28074;9.37205
8003252;Kierberg;46;50.83820;6.88837
8001806;Enzisweiler;46;47.56414;9.66543
8004182;Munderkingen;46;48.23787;9.64567
8006684;Zwiesel (Bay);46;49.02094;13.22638
8002100;Friedelhausen;46;50.67161;8.71096
8001004;Blaichach (Allgäu);46;47.54374;10.25880
8010134;Gößnitz;46;50.89320;12.42930
8002546;Haltingen;46;47.61284;7.61168
8003469;Künsebeck;46;52.03670;8.38433
8004532;Obergriesbach;46;48.42193;11.07976
8000967;Bildstock;46;49.33732;7.09434
8000380;Goldshöfe;46;48.89422;10.12825
8011963;Jocketa;46;50.55530;12.17010
8003926;Mayschoß;46;50.51723;7.02046
8002132;Friedrichsthal Mitte;46;49.32716;7.09392
8001196;Bruchenbrücken;46;50.30197;8.78840
8001982;Fichtenberg;46;48.98735;9.70076
8005250;Sachsen (b Ansbach);46;49.29299;10.66150
8011569;Freital-Deuben;46;50.99936;13.64643
8011582;Friedrichsruhe (Meckl);46;53.52480;11.73909
8010194;Könnern;46;51.67407;11.77990
8001335;Clarholz;46;51.89845;8.20083
8001499;Dorfen Bahnhof;46;48.26705;12.15969
8001718;Einfeld;46;54.12937;9.99792
8010123;Genthin;46;52.40322;12.15710
8012280;Lutherstadt Wittenberg Altstadt;46;51.86377;12.64143
8002454;Koblenz-Güls;46;50.34085;7.54900
8001874;Eschenau (b Heilbronn);46;49.14379;9.40273
8005321;Scharbeutz;46;54.01874;10.74576
8011325;Crimmitschau;46;50.81507;12.39299
8000935;Bad Bevensen;46;53.07825;10.57414
8000359;Bodenheim;46;49.92959;8.31249
8004720;Höxter-Ottbergen;46;51.71099;9.30491
8010330;Spremberg;46;51.57476;14.39750
8012622;Perleberg;46;53.07126;11.85232
8005748;Euskirchen-Stotzheim;46;50.63420;6.81106
8006203;Wannweil;46;48.51232;9.15045
8001709;Eichstätt Stadt;46;48.89330;11.17960
8011755;Großpösna;46;51.26671;12.48884
8012147;Landsberg (b Halle/Saale);46;51.53290;12.16671
8004605;Oberzell;46;47.75173;9.57447
8004972;Reckenfeld;46;52.13370;7.56475
8010145;Großheringen;45;51.10598;11.65775
8001675;Egestorf (Deister);45;52.27858;9.51449
8012066;Königsborn;45;52.13401;11.75627
8004172;Münster-Sarmsheim;45;49.94739;7.89803
8000773;Baden (Kr Verden);45;53.00787;9.08126
8001032;Bobenheim;45;49.58814;8.35032
8001614;Durach;45;47.69645;10.34380
8005449;Schwäbisch Hall;45;49.10821;9.73336
8010380;Wilthen;45;51.09328;14.39150
8010116;Freital-Hainsberg;45;50.98890;13.63794
8017050;Chemnitz-Küchwald;45;50.85505;12.91220
8001430;Deuerling;45;49.04164;11.91492
8001034;Bobstadt;45;49.66325;8.45179
8012471;Neusörnewitz;45;51.14755;13.55277
8004751;Papenburg (Ems);45;53.08971;7.38671
8005739;Stockstadt (Main);45;49.97663;9.06337
8004639;Offenburg Kreisschulzentrum;45;48.45978;7.95519
8001177;Bretzenheim (Nahe);45;49.87459;7.89869
8005026;Reisen (Hess);45;49.57797;8.72002
8001456;Dietzenbach Bahnhof;45;50.00806;8.78554
8011605;Bernburg-Roschwitz;45;51.78110;11.75930
8011066;Bad Berka;45;50.89614;11.28155
8005731;Stift Keppel-Allenbach;45;50.97796;8.09223
8006483;Winnweiler;45;49.57055;7.85595
8000414;Achmer;45;52.39048;7.94216
8000634;Aßling (Oberbay);45;47.98949;11.99352
8077773;Stahringen;45;47.78766;8.97627
8003297;Kierspe;45;51.13001;7.61623
8000715;Bad König;45;49.73858;9.00154
8002817;Hetzerath;45;49.87813;6.79838
8005262;Salzbergen;45;52.32325;7.35053
8013064;Strausberg Nord;45;52.59015;13.90848
8003807;Magstadt;45;48.73611;8.96545
8001485;Donaueschingen Mitte/Siedlung;45;47.95254;8.48896
8000489;Aligse;45;52.40346;9.97935
8001701;Nidderau-Eichen;45;50.25595;8.91749
8011484;Elsnigk (Anh);45;51.79080;12.05907
8004406;Niederschelden;45;50.83925;7.96551
8012763;Ribnitz-Damgarten West;45;54.23918;12.43697
8000725;Bad Münder (Deister);45;52.17819;9.46806
8003424;Kredenbach;45;50.96326;8.04278
8005164;Rosbach (Sieg);45;50.79677;7.60877
8006320;Kirchhundem-Welschen Ennest;45;51.04197;8.00361
8001623;Ebensfeld;45;50.06873;10.95472
8012117;Kühren;45;51.34939;12.83322
8003762;Ludersheim;45;49.39217;11.32386
8004193;Nackenheim;45;49.91911;8.34188
8013425;Zscherben;44;51.46769;11.86513
8001858;Erpel (Rhein);44;50.58206;7.24159
8010259;Oberoderwitz;44;50.96603;14.70857
8001089;Bookholzberg;44;53.09911;8.53256
8001093;Borgeln;44;51.59826;8.03203
8003257;Kindsbach;44;49.41937;7.61284
8003781;Lübeck Flughafen;44;53.80447;10.69735
8005044;Rentrisch;44;49.25977;7.07906
8005087;Riedlingen;44;48.14959;9.48493
8001095;Borgholzhausen;44;52.08523;8.26658
8002014;Flomersheim;44;49.51396;8.33380
8002864;Hittfeld;44;53.40371;9.97452
8003881;Marktbreit;44;49.66380;10.14609
8004219;Neckarsteinach;44;49.40491;8.84143
8010311;Sandersleben (Anh);44;51.67906;11.56002
8010051;Blankenberg (Meckl);44;53.77231;11.71529
8002382;Bad Vilbel-Gronau;44;50.19153;8.78320
8010281;Pratau;44;51.84326;12.63596
8005070;Rhens;44;50.28152;7.62048
8005622;Spay;44;50.25554;7.64547
8011626;Gerichshain;44;51.35388;12.58744
8013366;Wutha;44;50.95710;10.39660
8011592;Gadebusch;44;53.70517;11.11942
8002409;Großen Buseck;44;50.60574;8.78300
8012957;Caputh-Schwielowsee;44;52.34098;12.98037
8000462;Münster-Albachten;44;51.91458;7.52820
8001826;Gießen Erdkauter Weg;44;50.57130;8.68324
8002520;Feucht-Moosbach;44;49.38791;11.26090
8004464;Norsingen;44;47.93925;7.72620
8013145;Treuenbrietzen;44;52.09192;12.85791
8000577;Amstetten (Württ);44;48.57833;9.87297
8001783;Emskirchen;44;49.55503;10.71041
8003044;Igensdorf;44;49.62012;11.23453
8013445;Freital-Potschappel;44;51.01389;13.66255
8011814;Halle-Trotha;44;51.52390;11.96217
8001536;Dortmund-Kruckel;44;51.45833;7.41553
8001708;Eichstätt Bahnhof;44;48.86988;11.16365
8002442;Grünebacher Hütte;44;50.78166;7.89155
8003755;Lorsch;44;49.65909;8.56626
8005037;Renchen;44;48.59266;8.00714
8005637;Sprendlingen (Rheinhess);44;49.85895;7.98179
8001775;Emmerke;44;52.16237;9.86620
8003165;Langenhagen - Kaltenweide;44;52.48009;9.73634
8003772;Lübbecke (Westf);44;52.30634;8.60573
8002880;Hochstetten (Nahe);44;49.79866;7.51096
8012327;Meißen Triebischtal;44;51.15247;13.46253
8005787;Sünching;44;48.88416;12.35677
8001943;Gevelsberg-Knapp;44;51.33696;7.37788
8004028;Mimberg;44;49.35287;11.27405
8011813;Halle-Nietleben;43;51.48783;11.90845
8005336;Scherfede;43;51.52474;9.04794
8011067;Bad Berka Zeughausplatz;43;50.90044;11.28009
8005238;Saal (Donau);43;48.90242;11.93319
8004632;Ölbronn-Dürrn;43;48.98581;8.75368
8011570;Freital-Hainsberg West;43;50.98108;13.62271
8004938;Ramstein;43;49.44875;7.55671
8005780;Suderburg;43;52.90489;10.43279
8003378;Königsbronn;43;48.73952;10.11613
8006086;Vilshofen (Niederbay);43;48.62955;13.19087
8006436;Wildeshausen;43;52.89782;8.43142
8004756;Partenstein;43;50.03838;9.52399
8005682;Stederdorf (Kr Uelzen);43;52.90743;10.59270
8005810;Bad Salzuflen-Sylbach;43;52.02688;8.76553
8006094;Vöhringen;43;48.27909;10.08363
8000481;Aldingen;43;48.09584;8.71303
8012541;Oberweimar;43;50.96593;11.35487
8010375;Wernshausen;43;50.72124;10.35361
8000500;Alpen;43;51.58339;6.51804
8002133;Frommern;43;48.24403;8.87212
8003548;Langenprozelten;43;50.06157;9.66138
8004461;Nordwalde;43;52.07739;7.46164
8010264;Orlamünde;43;50.77566;11.54490
8005098;Rimbach;43;49.62735;8.75730
8002972;Rosendahl-Holtwick;43;51.99839;7.12257
8003939;Lennestadt-Meggen;43;51.12245;8.06578
8000945;Bichl;43;47.72382;11.40877
8003374;Köndringen;43;48.13746;7.80293
8000717;Bad Kohlgrub Kurhaus;43;47.67021;11.03918
8004186;Murnau Ort;43;47.67883;11.19566
8004749;Pankofen;43;48.79964;12.89943
8001212;Bruchsal Sportzentrum;43;49.13544;8.58994
8001130;Braubach;43;50.27414;7.64319
8003213;Katzenfurt;43;50.61595;8.34319
8012811;Rothenstein (Saale);43;50.85115;11.60922
8004273;Neuenrade;43;51.28477;7.79439
8000463;Albbruck;43;47.59224;8.13177
8001612;Duisburg-Wedau;43;51.39925;6.80358
8002915;Hörstel;43;52.29569;7.59156
8003062;Immenhausen (Hess);43;51.42690;9.46440
8004189;Mußbach;43;49.37196;8.16853
8000304;Quakenbrück;43;52.67394;7.94782
8013224;Waltershausen-Schnepfenthal;43;50.88397;10.57621
8006218;Wasserburg (Bodensee);43;47.57190;9.63906
8001988;Feucht Ost;43;49.37603;11.22050
8010013;Baalberge;43;51.76305;11.78468
8001643;Ebringen;43;47.96036;7.76818
8004926;Raitersaich;43;49.37490;10.84355
8001674;Egersdorf;43;49.46464;10.88739
8011312;Crossen Ort;43;50.97472;11.98190
8001131;Bretten-Ruit;43;49.00946;8.72206
8005338;Scheuerfeld (Sieg);43;50.79186;7.83664
8005825;Tarp;43;54.66481;9.39860
8011970;Chemnitz Kinderwaldstätte;42;50.88421;12.95357
8004327;Neustadt (Holst);42;54.10400;10.80849
8012863;Schkeuditz West;42;51.40291;12.19567
8000685;Bachern;42;48.28016;11.37872
8001057;Böhl-Iggelheim;42;49.37983;8.30360
8001484;Dörfles-Esbach;42;50.28275;10.99776
8002265;Gettenau-Bingenheim;42;50.37919;8.88580
8011922;Hoyerswerda-Neustadt;42;51.42909;14.26668
8004908;Quelle;42;52.00049;8.46077
8000419;Adelschlag;42;48.84076;11.21144
8000632;Assenheim (Oberhess);42;50.30494;8.81246
8002123;Friesenheim (Baden);42;48.38159;7.86295
8012169;Lauchhammer;42;51.47457;13.74324
8004367;Niederdorfelden;42;50.19317;8.80903
8010299;Röblingen am See;42;51.46260;11.66854
8001814;Eppertshausen;42;49.94537;8.84236
8011960;Jessen (Elster);42;51.79279;12.95472
8004735;Otze;42;52.48762;10.01711
8010154;Güterglück;42;51.99347;11.98639
8002506;Hagelstadt;42;48.89586;12.21483
8012460;Neukirch (Lausitz) Ost;42;51.09075;14.32205
8005874;Timmendorferstrand;42;53.99421;10.76227
8006499;Wirtheim;42;50.22578;9.25893
8005202;Rottweil Saline;42;48.14871;8.64561
8001132;Leun/Braunfels;42;50.53992;8.36690
8004376;Niederhadamar;42;50.43276;8.03707
8011177;Beuna (Geiseltal);42;51.32281;11.96276
8010166;Herlasgrün;42;50.57094;12.23542
8003751;Lorch (Rhein);42;50.04030;7.81284
8000970;Billerbeck;42;51.98134;7.29748
8004254;Neuburg (Donau);42;48.72722;11.17837
8006403;Wiesau (Oberpf);42;49.91101;12.19129
8000690;Bad Aibling;42;47.86203;12.00416
8010118;Fröttstädt;42;50.93036;10.57302
8004208;Natrup-Hagen;42;52.20985;7.91075
8012707;Raguhn;42;51.70839;12.27089
8004797;Petersaurach Nord;42;49.31840;10.73910
8000721;Bad Liebenzell;42;48.77258;8.73404
8001504;Dorheim (Wetterau);42;50.35270;8.79051
8004669;Oldenburg (Holst);42;54.28382;10.88284
8000965;Bietingen;42;47.74402;8.73892
8001207;Bruckmühl;42;47.88082;11.91553
8001780;Empel-Rees;42;51.79847;6.41671
8003692;Lindau-Aeschach;42;47.55962;9.68466
8005055;Rhade;42;51.75127;6.94809
8001384;Dattenfeld (Sieg);42;50.80916;7.54625
8003212;Kattenvenne;42;52.11327;7.86028
8005740;Stockstadt (Rhein);42;49.80943;8.47244
8013003;Sohland;42;51.05374;14.43193
8002402;Großbüllesheim;42;50.68675;6.81619
8010261;Oebisfelde;42;52.43928;10.98385
8013077;Suhl-Heinrichs;42;50.60210;10.63845
8002967;Holm-Seppensen;42;53.28481;9.87001
8003398;Kollmarsreute;42;48.09827;7.88707
8003748;Lonsee;42;48.54497;9.91738
8005788;Suerhop;42;53.31590;9.85515
8001479;Donaueschingen Allmendshofen;42;47.94058;8.50182
8002149;Fürth Westvorstadt;41;49.46903;10.97148
8003483;Kutzenhausen;41;48.33478;10.69634
8006383;Westönnen;41;51.55753;7.96095
8000509;Altdorf (b Nürnberg);41;49.39001;11.35353
8000022;Bad Nenndorf;41;52.34374;9.37860
8001770;Emmelshausen;41;50.15767;7.56049
8003064;Immensen-Arpke;41;52.39136;10.08448
8012061;Kodersdorf;41;51.25955;14.91623
8012788;Roitzsch (Kr Bitterfeld);41;51.57065;12.26319
8006672;Zotzenbach;41;49.60937;8.75322
8011871;Hildburghausen;41;50.42513;10.71783
8005534;Paderborn-Sennelager;41;51.77024;8.71370
8006348;Werne (a d Lippe);41;51.66925;7.62293
8001443;Diepholz;41;52.60477;8.38033
8002299;Höxter-Godelheim;41;51.73512;9.35687
8003209;Katlenburg;41;51.68616;10.09974
8003382;Königslutter;41;52.25717;10.81249
8007444;Helmstadt (Baden);41;49.32009;8.97513
8010161;Eilenburg Ost;41;51.46342;12.66777
8001777;Emmerthal;41;52.04641;9.38286
8001867;Ibbenbüren-Esch;41;52.29975;7.65597
8000973;Binau;41;49.37259;9.08363
8003393;Bad Kötzting;41;49.17292;12.85189
8004019;Miesbach;41;47.79083;11.83082
8013223;Waltershausen;41;50.90073;10.56374
8011691;Gransee;41;53.00108;13.16712
8012223;Lichtenstein (Sachs);41;50.75768;12.62641
8010333;Steinpleis;41;50.70898;12.39407
8011740;Großbeeren;41;52.35067;13.28477
8002524;Haiger Obertor;41;50.74121;8.20196
8001000;Bissendorf;41;52.52271;9.74819
8012684;Prora Ost;41;54.43006;13.57451
8005163;Rosbach v d Höhe;41;50.29867;8.70080
8005302;Saulgrub;41;47.66609;11.02540
8005562;Siersburg;41;49.36170;6.66536
8010365;Weida;41;50.78592;12.06224
8000864;Bad Bellingen;41;47.73080;7.55760
8001512;Dornstetten-Heselwiesen;41;48.46963;8.50321
8012767;Rietschen;41;51.39869;14.78392
8000708;Bad Dürkheim-Trift;41;49.46642;8.19307
8001860;Erpolzheim;41;49.48833;8.21070
8004196;Nagold;41;48.55564;8.72777
8004409;Niederselters;41;50.33268;8.23008
8012534;Oberrothenbach;41;50.76388;12.47578
8000146;Weil am Rhein Pfädlistraße;41;47.58902;7.62649
8010017;Bad Freienwalde (Oder);41;52.78993;14.03575
8011320;Cossebaude;41;51.08504;13.63212
8011703;Griebo;41;51.88058;12.52298
8012526;Oberholz;41;51.25780;12.50642
8013162;Ueckermünde;41;53.73392;14.05408
8001174;Wehr-Brennet;41;47.58092;7.91052
8003562;Lauchringen West;41;47.63278;8.30810
8000625;Asselheim;41;49.57622;8.16160
8001072;Boisheim;41;51.27432;6.27459
8003987;Merten (Sieg);41;50.77048;7.38566
8001466;Dingolfing;41;48.64161;12.48687
8004966;Rebdorf-Hofmühle;41;48.89222;11.16946
8005885;Tönning;41;54.31414;8.93760
8001493;Dollern;41;53.54543;9.55808
8003238;Kersbach;41;49.68671;11.06083
8006154;Waldenburg (Württ);41;49.20254;9.65870
8001358;Dahlbruch;40;50.97043;8.05346
8012682;Profen;40;51.13046;12.21093
8011799;Hagenwerder;40;51.07012;14.96023
8012388;Mosel;40;50.78360;12.48140
8004664;Okarben;40;50.25266;8.75335
8005508;Seeshaupt;40;47.82278;11.28703
8001547;Dorum (Kr Cuxhaven);40;53.68874;8.57580
8012096;Kremmen;40;52.75335;13.04023
8010300;Rövershagen;40;54.17557;12.24745
8013350;Wünsdorf Waldstadt;40;52.16556;13.46814
8002812;Hessisch Oldendorf;40;52.16657;9.24387
8003950;Meinerzhagen;40;51.10814;7.63412
8002691;Heidenheim-Schnaitheim;40;48.70828;10.15876
8013045;Stendal Hochschule;40;52.61600;11.84780
8000582;Annweiler am Trifels;40;49.20539;7.96615
8002092;Freusburg Siedlung;40;50.81598;7.89725
8004099;Mudersbach;40;50.82748;7.95165
8004178;Muggensturm;40;48.87680;8.27429
8010248;Neustadt (Dosse);40;52.85268;12.45067
8010305;Rottenbach;40;50.68945;11.16994
8005209;Rückersdorf (Mittelfr);40;49.49120;11.23179
8010055;Bleicherode Ost;40;51.45318;10.60888
8005370;Paderborn-Schloß-Neuhaus;40;51.74938;8.72085
8005442;Schwabhausen (b Dachau);40;48.30052;11.36476
8012669;Premnitz Zentrum;40;52.52914;12.34314
8001492;Dollbergen;40;52.41715;10.18166
8003008;Hoykenkamp;40;53.06980;8.59868
8003617;Leiferde (b Gifhorn);40;52.45645;10.42794
8005269;Salzgitter-Immendorf;40;52.15010;10.44189
8005931;Ubstadt-Weiher;40;49.16702;8.62334
8004448;Bönen-Nordbögge;40;51.61571;7.74220
8012315;Marquardt;40;52.45888;12.97163
8000576;Ampfing;40;48.25395;12.41092
8001188;Lengede-Broistedt;40;52.19702;10.32070
8001571;Viersen-Dülken;40;51.25715;6.33793
8000491;Altenglan;40;49.54864;7.46184
8010301;Ronneburg (Thür);40;50.85956;12.18172
8006091;Vlotho;40;52.17180;8.86419
8000410;Abensberg;40;48.81946;11.84662
8000768;Bad Wörishofen;40;48.00571;10.59788
8001468;Dinkelscherben;40;48.34223;10.58800
8001694;Ehringshausen (Kr Wetzlar);40;50.59507;8.38384
8002103;Ludwigsau-Friedlos;40;50.89688;9.74333
8004319;Neuses (b Kronach);40;50.21715;11.30684
8001283;Burghaun (Kr Hünfeld);40;50.70055;9.72795
8003339;Brigachtal Kirchdorf;40;48.01434;8.46781
8001323;Capelle (Westf);40;51.73527;7.61108
8010241;Neubrandenburg;40;53.56183;13.26146
8012494;Niedersachswerfen;40;51.54507;10.76389
8005782;Süderbrarup;40;54.63741;9.77091
8013097;Teicha;40;51.55505;11.95929
8006056;Varel (Oldb);40;53.39910;8.15019
8013474;Camburg (Saale);40;51.05086;11.70468
8011074;Bad Köstritz;40;50.93159;12.02845
8001619;Ebelsbach-Eltmann;40;49.98267;10.66961
8002783;Heroldsberg Nord;40;49.54458;11.14680
8013548;Herleshausen;39;51.00264;10.17166
8001005;Bitzfeld;39;49.18723;9.45322
8010070;Calbe (Saale) Ost;39;51.92069;11.81053
8004728;Ottersberg (Han);39;53.09685;9.13315
8000042;Seckach;39;49.44116;9.33847
8011339;Dahlen (Sachs);39;51.35097;12.98425
8012414;Nauendorf (Saalkr);39;51.60883;11.88426
8004460;Nordholz;39;53.77874;8.62137
8013324;Wittgensdorf Mitte;39;50.87439;12.86976
8004379;Niederheimbach;39;50.03601;7.80551
8000796;Banteln;39;52.06626;9.75033
8011503;Erfurt-Gispersleben;39;51.02213;11.00028
8012423;Neinstedt;39;51.75237;11.08489
8010269;Pegau;39;51.16597;12.24105
8005456;Schwalbach Nord;39;50.15986;8.53478
8002424;Großkarolinenfeld;39;47.88883;12.08482
8010355;Velgast;39;54.27732;12.80314
8002162;Gablingen;39;48.46342;10.85075
8002850;Hinrichssegen;39;47.87442;11.95066
8001447;Dießen;39;47.95082;11.10754
8002820;Heufeld;39;47.87120;11.96738
8003059;Illingen (Saar);39;49.37642;7.04897
8012045;Klingenthal;39;50.35716;12.46268
8012323;Meerane;39;50.85062;12.45758
8001671;Efringen-Kirchen;39;47.65562;7.56392
8005792;Sülzbach Schule;39;49.14506;9.35146
8000885;Berchtesgaden Hbf;39;47.62669;12.99906
8001894;Espelkamp;39;52.37869;8.61336
8012629;Petersroda;39;51.56996;12.28535
8005146;Rohrbach (Pfalz);39;49.13802;8.14152
8005602;Sondernheim;39;49.19498;8.36027
8007868;Lebach-Jabach;39;49.40717;6.89156
8011248;Brahlstorf;39;53.36442;10.95199
8012371;Mockrehna;39;51.50561;12.81950
8006402;Wieren;39;52.89259;10.65585
8070483;Marienheide;39;51.08112;7.53198
8004633;Rödental;39;50.28837;11.03131
8077771;Radolfzell Haselbrunn;39;47.74453;8.97531
8003154;Kalchreuth;39;49.55844;11.13999
8000431;Affaltrach;39;49.13783;9.37901
8003738;Lohne (Oldb);39;52.66533;8.22929
8005343;Schierbrok;39;53.08471;8.57900
8005786;Sülzbach;39;49.14855;9.34046
8006039;Urspring;39;48.55014;9.89457
8002496;Hademarschen;39;54.12281;9.41447
8004552;Lauchringen;39;47.62909;8.32219
8000280;Nördlingen;39;48.85084;10.49786
8004463;Norheim;39;49.80881;7.81229
8004942;Ranstadt;39;50.35673;8.98313
8005864;Thüngersheim;39;49.87799;9.84030
8000797;Bantorf;39;52.33225;9.41777
8000955;Bienenbüttel;39;53.14213;10.48471
8011756;Großräschen;39;51.59149;14.01490
8012643;Plate (Meckl);39;53.55320;11.50702
8005013;Reihen;39;49.21643;8.92059
8013083;Tangerhütte;39;52.43387;11.80994
8006482;Winninghausen;39;52.32332;9.43631
8000071;Derneburg (Han);39;52.09685;10.14372
8001687;Ehlershausen;39;52.52361;10.02960
8011905;Hohenthurm;39;51.51236;12.09788
8003696;Lindenholzhausen;39;50.37756;8.13337
8012993;Silberhausen;39;51.31943;10.34241
8006586;Würzburg-Zell;39;49.80494;9.88459
8001765;Elz (Kr Limburg/Lahn) Süd;38;50.40871;8.03222
8005364;Schliengen;38;47.76160;7.56894
8011033;Altmittweida;38;50.96870;12.95965
8000974;Bindlach;38;49.98022;11.60344
8011759;Großrudestedt;38;51.09565;11.09109
8002670;Havixbeck;38;51.96671;7.40771
8003569;Lauchheim;38;48.86888;10.23656
8005138;Röthenbach (Allgäu);38;47.62062;9.95354
8011085;Bad Sulza;38;51.09477;11.63459
8002746;Hemmersdorf (Saar);38;49.35400;6.61457
8000400;Hungen;38;50.47805;8.89279
8000801;Bardowick;38;53.29047;10.37199
8004878;Praest;38;51.82186;6.34553
8005007;Reichersbeuern;38;47.77464;11.63598
8010001;Adorf (Vogtl);38;50.32440;12.26068
8004613;Ochtrup;38;52.20162;7.18404
8012819;Rüdnitz;38;52.71770;13.63634
8007441;Neidenstein;38;49.32024;8.89015
8001248;Schöneck-Büdesheim;38;50.21495;8.84360
8001578;Dürrnhaar;38;47.99395;11.73661
8012000;Kaulsdorf (Saale);38;50.61170;11.43336
8004413;Niederstotzingen;38;48.53260;10.23646
8005581;Sinzing (b Regensburg);38;48.99080;12.03765
8005946;Tuttlingen Gänsäcker;38;47.96466;8.78123
8002420;Großhelfendorf;38;47.94606;11.78126
8003896;Marsberg;38;51.46289;8.85490
8004037;Mittel Gründau;38;50.23080;9.11982
8010384;Wittstock (Dosse);38;53.16062;12.47891
8001829;Erdweg;38;48.33374;11.30330
8012284;Machern (Sachs);38;51.35763;12.62776
8004295;Neuhof (Kr Fulda);38;50.45482;9.62022
8004955;Raubling;38;47.78851;12.11015
8013280;Werdau Nord;38;50.74368;12.37152
8000546;Altheim (Hess);38;49.92333;8.89091
8011255;Braunsbedra;38;51.28878;11.88459
8002607;Harsum;38;52.20650;9.96570
8003003;Horst (Holst);38;53.80460;9.64516
8000561;Altstädten (Allgäu);38;47.48855;10.28091
8002342;Gräveneck;38;50.45190;8.25076
8003681;Lieblos;38;50.20710;9.14402
8000831;Bayerisch Gmain;38;47.72037;12.89507
8001811;Erbach (Odenw) Nord;38;49.66958;8.98996
8002256;Gersthofen;38;48.42302;10.86119
8003641;Otzberg-Lengfeld;38;49.83945;8.90274
8003716;Kreuztal-Littfeld;38;51.00719;7.98714
8004981;Regen;38;48.96863;13.13646
8005975;Unterammergau;38;47.61746;11.03005
8006373;Westerstetten;38;48.52020;9.94928
8004216;Neckargerach;38;49.39791;9.07470
8012881;Schmalkalden Fachhochschule;38;50.71642;10.46349
8013037;Steinbach-Hallenberg;38;50.69316;10.55809
8011414;Drebkau;38;51.65508;14.22313
8003302;Klais;38;47.48303;11.23859
8010040;Kürbitz;38;50.46272;12.06977
8003947;Meine;38;52.38135;10.53581
8004629;Oerlenbach;38;50.14328;10.13092
8005933;Stettfeld-Weiher;38;49.18362;8.63693
8011356;Demmin;38;53.90114;13.05395
8004750;Pansdorf;38;53.98103;10.70306
8006607;Wuppertal-Langerfeld;38;51.27787;7.24230
8001050;Bodenfelde;38;51.63721;9.56167
8001840;Erkersreuth;38;50.18662;12.14149
8002345;Graben-Neudorf Nord;38;49.17796;8.49410
8003001;Hornberg;38;48.21189;8.23294
8000585;Langenlonsheim;38;49.90137;7.89989
8003586;Laufenburg (Baden) Ost;38;47.56616;8.07369
8012393;Mühlanger;38;51.85571;12.74821
8004523;Schöneck-Oberdorfelden;38;50.19615;8.82339
8004636;Ötigheim;38;48.88853;8.24058
8000471;Albshausen;38;50.54572;8.43487
8010210;Lietzow (Rügen);38;54.48096;13.51000
8003885;Marktoberdorf;38;47.77922;10.61423
8004620;Öhringen Cappel;38;49.20196;9.52692
8002236;Felsberg-Gensungen;38;51.13112;9.43563
8011683;Gräfenhainichen;38;51.72473;12.46004
8012443;Neue Schenke;38;50.87539;11.63763
8005586;Sörup;38;54.71666;9.66991
8001491;Dogern;38;47.60889;8.16736
8000633;Aßlar;37;50.58866;8.46276
8089119;Neuenburg (Baden);37;47.81148;7.56276
8005275;Salzgitter-Watenstedt;37;52.15017;10.40740
8007273;Wahlstedt;37;53.96122;10.22958
8000635;Assmannshausen;37;49.98532;7.86735
8001030;Wesel-Blumenkamp;37;51.69522;6.61312
8001720;Einsiedlerhof;37;49.43100;7.66223
8002127;Frimmersdorf;37;51.04614;6.56654
8002696;Heigenbrücken;37;50.02286;9.38081
8003491;Ibbenbüren-Laggenbeck;37;52.26486;7.78096
8012341;Cottbus-Merzdorf;37;51.76891;14.36667
8081270;Schönebeck-Frohse;37;52.03392;11.70738
8012953;Schwerin-Lankow;37;53.65666;11.36954
8013447;Zwenkau-Großdalzig;37;51.20826;12.27115
8012417;Nebra;37;51.28344;11.57013
8004518;Oberbrechen;37;50.35450;8.18780
8004584;Oberstaufen;37;47.55421;10.02529
8013062;Stralsund Rügendamm;37;54.30532;13.10752
8000505;Alsenz;37;49.72749;7.81719
8002335;Gotteszell;37;48.95813;12.98344
8012960;Schwerin-Margaretenhof;37;53.65855;11.36097
8006366;Westerham;37;47.90389;11.82848
8006555;Wolfstein;37;49.58428;7.61029
8000545;Althegnenberg;37;48.23637;11.06300
8000909;Bermatingen-Ahausen;37;47.73049;9.34516
8000963;Bietigheim (Baden);37;48.91059;8.25804
8002655;Hauptstuhl;37;49.40197;7.49095
8003317;Kleinberghofen;37;48.35404;11.27548
8003485;Laaber;37;49.07002;11.88406
8004603;Oberwinden;37;48.15253;8.04458
8006466;Bielefeld-Windelsbleiche;37;51.95701;8.53138
8006634;Zapfendorf;37;50.01829;10.92989
8013377;Zehdenick (Mark);37;52.97939;13.31748
8011018;Altenbach;37;51.35587;12.68232
8002710;Heimenkirch;37;47.62891;9.90210
8005823;Tannheim (Württ);37;47.99495;10.09692
8001728;Eisenberg (Pfalz);37;49.55448;8.07058
8004405;Niederscheld (Dillkr) Süd;37;50.71773;8.30330
8013376;Zeesen;37;52.26486;13.63514
8001946;Eyach;37;48.44629;8.78310
8002782;Heroldsberg;37;49.52861;11.14992
8002821;Heufeldmühle;37;47.87755;11.93436
8012264;Lübstorf;37;53.72888;11.41132
8004525;Oberelchingen;37;48.44757;10.08302
8000423;Adelsheim Nord;37;49.42149;9.39275
8005120;Rodheim v d Höhe;37;50.26760;8.69580
8005613;Sottrum;37;53.10124;9.25003
8011545;Fleetmark;37;52.79080;11.37869
8003222;Keitum;37;54.88881;8.36897
8003551;Langenwang (Schwab);37;47.43659;10.27603
8004453;Oberwerrn;37;50.07034;10.15380
8006193;Walsrode;37;52.86485;9.60091
8011909;Holzdorf (Elster);37;51.78029;13.11414
8003953;Melbach;37;50.37915;8.81142
8004446;Nonnenhorn;37;47.57512;9.61268
8004517;Oberboihingen;37;48.64793;9.36413
8010343;Stumsdorf;37;51.61623;12.06686
8001256;Bürgeln;37;50.85375;8.81719
8010179;Jatznick;37;53.60306;13.93767
8000547;Lauterecken-Grumbach;37;49.65371;7.59071
8005843;Thaleischweiler-Fröschen;37;49.26126;7.57867
8001186;Brohl;37;50.48143;7.33264
8012503;Niederwartha;37;51.09463;13.60592
8005003;Wehretal-Reichensachsen;37;51.15410;9.98598
8011778;Stralsund-Grünhufe;37;54.30430;13.04393
8002776;Hermaringen;37;48.59458;10.25833
8002845;Himmelstadt;37;49.92344;9.80821
8003506;Landau (Isar);37;48.68289;12.69506
8003578;Lauenförde;37;51.65847;9.39267
8003855;Marbeck-Heiden;37;51.80940;6.90607
8005113;Rodalben;37;49.23895;7.63277
8001238;Bübingen;37;49.17964;7.03485
8001949;Eystrup;37;52.78337;9.23139
8002770;Herdorf;37;50.77830;7.95307
8005547;Seybothenreuth;37;49.89442;11.70554
8013073;Sülstorf;37;53.51400;11.38804
8005940;Übersee;37;47.82205;12.48734
8000850;Behringersdorf;37;49.48157;11.19850
8005330;Scheeßel;37;53.16582;9.49696
8001953;Fahrenkrug;36;53.94396;10.25316
8011599;Gatersleben;36;51.82811;11.29136
8003921;Mausheim;36;49.12015;11.76814
8003146;Kainzenbad;36;47.48298;11.11672
8011088;Bad Wilsnack;36;52.96023;11.94934
8002667;Hausham;36;47.75041;11.84026
8002674;Hechthausen;36;53.63872;9.22807
8003593;Laurenburg (Lahn);36;50.32955;7.90577
8012907;Schönebeck-Bad Salzelmen;36;51.99836;11.72363
8004192;Muggensturm-Badesee;36;48.88000;8.28661
8004184;Murg (Baden);36;47.55345;8.01872
8012731;Regis-Breitingen;36;51.08355;12.42604
8000691;Bad Bergzabern;36;49.10321;8.00279
8012440;Artern;36;51.36324;11.31076
8002333;Goßmannsdorf;36;49.68496;10.02559
8002457;Gündlkofen;36;48.52616;12.03364
8003472;Küps;36;50.19589;11.26834
8006641;Zell (Wiesental);36;47.70563;7.84915
8003490;Lagerlechfeld;36;48.18295;10.84420
8011072;Bad Elster;36;50.29667;12.25629
8010322;Schwaan;36;53.93919;12.11789
8000733;Bad Oeynhausen Süd;36;52.19713;8.80172
8000750;Bad Sebastiansweiler-Belsen;36;48.39557;9.03002
8000919;Bersenbrück;36;52.55124;7.94240
8002173;Gaißach;36;47.73747;11.57540
8003901;Martinszell (Allgäu);36;47.62941;10.27389
8004531;Obergries;36;47.70754;11.56353
8005412;Schönwald (Oberfr);36;50.19906;12.09665
8000515;Altenau (Bay);36;47.64836;11.01737
8000888;Bergen (Oberbay);36;47.82527;12.59285
8002030;Friedrichshafen Ost;36;47.65171;9.50202
8003638;Lendringsen;36;51.41040;7.82662
8005929;Twistringen;36;52.79188;8.64483
8006229;Watzenborn-Steinberg;36;50.54550;8.72344
8005200;Rottweil Göllsdorf;36;48.16001;8.65108
8003833;Malsch Süd;36;48.88759;8.31623
8003758;Loßburg-Rodt;36;48.41806;8.45319
8005195;Rottenacker;36;48.23484;9.69436
8006340;Werdorf;36;50.59289;8.41719
8000559;Altshausen;36;47.93071;9.55148
8012472;Neustadt (Orla);36;50.73479;11.75762
8013029;Stauchitz;36;51.24291;13.21192
8000696;Bad Aibling Kurpark;36;47.85762;12.01382
8001120;Brake (Unterweser);36;53.32882;8.48135
8001899;Essen (Oldb);36;52.72388;7.94544
8002026;Fornsbach;36;48.97545;9.64250
8011735;Groß Schwaß;36;54.07703;12.04612
8002623;Haspelmoor;36;48.22326;11.09878
8000167;Hesepe;36;52.43922;7.96760
8012506;Niemberg;36;51.55206;12.09987
8005256;Sagehorn;36;53.08253;9.01002
8005488;Schwelm West;36;51.28565;7.26962
8005329;Scheppach;36;49.16180;9.43428
8006416;Wieslensdorf;36;49.14979;9.42212
8004624;Öhringen West;36;49.20014;9.48580
8000918;Bernried;36;47.86139;11.28366
8013493;Niesky;36;51.29874;14.83190
8012697;Rackwitz (B Leipzig);36;51.44032;12.37513
8005518;Selb-Plößberg;36;50.18895;12.11988
8011100;Baitz;36;52.16415;12.68511
8011763;Großsteinberg;36;51.25059;12.63742
8010234;Mittelherwigsdorf (Sachs);36;50.92279;14.74128
8004404;Niederroth;36;48.32093;11.39004
8011673;Gommern;36;52.07400;11.83878
8002391;Groß Rohrheim;36;49.71407;8.47686
8004229;Nehren;36;48.42395;9.06688
8000344;Wittingen;36;52.72729;10.72317
8079605;Herzhorn;36;53.78354;9.48388
8005435;Schülldorf;36;54.29886;9.74780
8000678;Baar-Ebenhausen;36;48.67494;11.46009
8012011;Kirchmöser;36;52.37524;12.42221
8012505;Niederwürschnitz;36;50.71822;12.75411
8006625;Wurmlingen Mitte;36;48.00176;8.77784
8001235;Boppard-Buchholz;36;50.21080;7.55488
8001622;Ebenhofen;36;47.81482;10.61848
8003890;Marl-Hamm;36;51.68297;7.13142
8005688;Steinach (Baden);36;48.29899;8.05647
8006261;Weidenthal;36;49.41749;7.99491
8010141;Grevesmühlen;36;53.85747;11.18471
8010029;Beeskow;36;52.17768;14.25097
8011256;Braunsbedra Ost;36;51.28997;11.90268
8003303;Klanxbüll;36;54.86200;8.67645
8003783;Lüdinghausen;36;51.76239;7.43131
8005983;Unterelchingen;36;48.45299;10.10019
8007857;Schaidt (Pf);36;49.06124;8.07978
8003960;Melsdorf;36;54.31275;10.03083
8001214;Bruchsal am Mantel;36;49.14118;8.56327
8011802;Hainichen;36;50.96809;13.11906
8003560;Langweid (Lech);36;48.49045;10.84797
8012540;Obervogelgesang (Kr Pirna);36;50.94980;13.98992
8004725;Ottensoos;36;49.50775;11.33968
8013022;Stadt Wehlen (Sachs);36;50.95372;14.03224
8001448;Dienheim;36;49.84135;8.35714
8001715;Eimeldingen;35;47.62795;7.59560
8004815;Piding;35;47.75954;12.91153
8005413;Schöppenstedt;35;52.14069;10.77205
8006426;Wiesthal;35;50.01683;9.44105
8000716;Bad Kohlgrub;35;47.66801;11.05820
8001690;Ehr;35;50.17572;7.57132
8002343;Grafenaschau;35;47.66703;11.13740
8002847;Hinterweidenthal;35;49.20154;7.74767
8005506;Seeleiten-Berggeist;35;47.67098;11.16583
8000433;Agatharied;35;47.76561;11.82447
8011968;Altes Lager;35;52.01736;12.98905
8004727;Otterndorf;35;53.80598;8.89399
8005391;Schney;35;50.16620;11.07362
8013061;Stotternheim;35;51.05235;11.04832
8011805;Halbe;35;52.10838;13.70186
8004929;Rammelsbach;35;49.54213;7.44407
8007445;Aglasterhausen;35;49.35010;8.99084
8010081;Döllstädt;35;51.08489;10.81340
8002536;Haldern (Rheinl);35;51.77256;6.45583
8004080;Monzingen;35;49.79347;7.58867
8004276;Neuenstein;35;49.20594;9.58545
8005469;Schwarzenfeld (Oberpf);35;49.39275;12.13064
8006417;Wiesental;35;49.22546;8.50239
8000869;Benediktbeuern;35;47.70912;11.40305
8011304;Buttstädt;35;51.12700;11.41841
8004435;Nievern;35;50.33738;7.68188
8004506;Oberau;35;47.55927;11.13927
8012668;Premnitz Nord;35;52.53597;12.33349
8006135;Wackershofen-Freilandmuseum;35;49.13725;9.69712
8000706;Bad Wimpfen im Tal;35;49.22985;9.18705
8011559;Frankfurt (Oder)-Rosengarten;35;52.33777;14.47263
8003104;Bad Münstereifel-Iversheim;35;50.58303;6.76916
8003609;Legelshurst;35;48.55855;7.91355
8005828;Tauberfeld;35;48.81924;11.27569
8010348;Teterow;35;53.76844;12.57797
8001113;Brachelen;35;51.00782;6.23146
8012108;Kröpelin;35;54.06914;11.79157
8004024;Millingen (Kr Rees);35;51.80946;6.40001
8004100;Mücke (Hessen);35;50.61710;9.02904
8005160;Ronnenberg (Han);35;52.32307;9.65179
8005320;Schandelah;35;52.26723;10.68540
8005417;Schondorf (Bay);35;48.05285;11.08985
8000416;Achterwehr;35;54.31491;9.96402
8001489;Dörverden;35;52.84641;9.24633
8010396;Züssow;35;53.97388;13.54819
8011662;Götz;35;52.41122;12.72598
8012413;Nassenheide;35;52.81692;13.23920
8004662;Ohlstadt;35;47.63409;11.21807
8000738;Bad Reichenhall-Kirchberg;35;47.71854;12.87400
8004424;Niederzeuzheim;35;50.46822;8.03969
8004762;Peißenberg;35;47.79750;11.06028
8005421;Schopfloch (b Freudenstadt);35;48.45371;8.54775
8000466;Albersweiler (Pfalz);35;49.21847;8.02446
8003230;Kempten (Allgäu) Ost;35;47.73129;10.33205
8004426;Münster-Häger;35;52.02206;7.56234
8005577;Sinn;35;50.64983;8.32493
8005736;Stockhausen (Lahn);35;50.54054;8.32536
8005587;Sinzheim;35;48.75988;8.15843
8003943;Mehrhoog;35;51.73897;6.51825
8006008;Unterreichenbach;35;48.82686;8.71128
8001225;Buchbrunn-Mainstockheim;35;49.76328;10.14518
8012148;Landsberg (b Halle/Saale) Süd;35;51.50440;12.17231
8003690;Lindach;35;49.41692;9.00646
8012954;Schwerin-Warnitz;35;53.66170;11.34557
8000420;Adelsdorf (Mittelfr);35;49.47494;10.68704
8000627;Ashausen;35;53.36869;10.14556
8001454;Dietmannsried;35;47.81287;10.29048
8002761;Herbertshofen;35;48.52953;10.84803
8005169;Rosenheim Aicherpark;35;47.85165;12.08947
8000603;Arnbach;35;48.34132;11.34404
8011507;Erlau (Sachs);35;51.00863;12.94304
8002969;Holtensen / Linderte;35;52.27195;9.65322
8004001;Metelen Land;35;52.16249;7.25417
8003332;Knittlingen-Kleinvillars;35;48.99344;8.74454
8013362;Bennewitz;35;51.35593;12.70843
8011139;Benshausen;35;50.65701;10.60221
8001276;Burgau (Schwab);35;48.42480;10.42701
8001373;Darching;35;47.87080;11.77725
8001538;Dortmund-Löttringhausen;35;51.45166;7.44723
8012392;Mücheln (Geiseltal) - Stadt;35;51.30385;11.81377
8005690;Steinau (Straße);35;50.31435;9.44316
8013125;Thale Musestieg;35;51.75143;11.04688
8000506;Alsheim;34;49.76553;8.34246
8006498;Wirges;34;50.46840;7.78521
8003854;Marbach West Villingen-Schwenningen;34;48.03129;8.46915
8001018;Bleichenbach (Oberhess);34;50.32033;9.05158
8001421;Dettelbach Bahnhof;34;49.78815;10.09036
8012203;Lengenfeld (Vogtl);34;50.57312;12.37326
8003798;Lunden;34;54.33123;9.03075
8003959;Mellrichstadt Bahnhof;34;50.42478;10.30704
8001343;Coesfeld Schulzentrum;34;51.95127;7.16584
8003105;Jaderberg;34;53.34488;8.18454
8000442;Ahlhorn;34;52.89932;8.20943
8002643;Hatzenport;34;50.22768;7.41351
8012824;Ruthenbeck;34;53.54525;11.71117
8013109;Groß Köris;34;52.15961;13.65081
8003430;Krempe;34;53.83411;9.48176
8003949;Meinersen;34;52.44919;10.32111
8005543;Seubersdorf;34;49.16765;11.62812
8005640;Sprötze;34;53.30943;9.81225
8001136;Bredenbek;34;54.31511;9.86700
8002114;Friedrichssegen;34;50.31195;7.65073
8002405;Groß Düngen;34;52.09773;10.02008
8000746;Bad Schussenried;34;47.99403;9.66850
8010111;Forst (Lausitz);34;51.73888;14.63763
8010172;Hohenwulsch;34;52.66732;11.59514
8010174;Horka Pbf;34;51.30398;14.90209
8003270;Kirchenlamitz Ost;34;50.16550;11.98597
8005431;Schrezheim;34;48.95112;10.11788
8005324;Bad Lauterberg im Harz Barbis;34;51.61902;10.41461
8000822;Batzhausen;34;49.19136;11.59303
8000778;Bäumenheim;34;48.68033;10.80997
8002036;Frankenstein (Pfalz);34;49.43887;7.96980
8010086;Magdeburg-Rothensee;34;52.18676;11.64791
8004011;Michelau (Oberfr);34;50.15498;11.11624
8012908;Schöneck (Vogtl);34;50.39599;12.34336
8010364;Wegeleben;34;51.87158;11.16855
8006544;Wolfach;34;48.29366;8.22185
8004077;Monbach-Neuhausen;34;48.79917;8.72833
8079146;Neidenfels;34;49.38620;8.04524
8000498;Allersberg (Rothsee);34;49.26213;11.21257
8002156;Füssen;34;47.57050;10.69781
8003336;Brigachtal Klengen;34;48.00737;8.46578
8011191;Ostseebad Binz;34;54.40482;13.60051
8003388;Körle;34;51.17159;9.51314
8000243;Malsfeld;34;51.09761;9.53483
8004545;Oberkirch;34;48.52903;8.07689
8005125;Melsungen-Röhrenfurth;34;51.15438;9.54837
8005205;Wilnsdorf-Rudersdorf;34;50.83913;8.14408
8000731;Bad Niedernau;34;48.46077;8.89653
8001268;Burbach (Kr Siegen);34;50.74896;8.07781
8002179;Ganderkesee;34;53.03525;8.54278
8003698;Altenstadt-Lindheim;34;50.29133;8.97878
8012605;Kunersdorf;34;51.76864;14.18836
8012609;Parkentin;34;54.08126;11.97898
8012698;Raddusch;34;51.81586;14.03235
8005367;Schliersee;34;47.73558;11.85959
8000501;Alpirsbach;34;48.34381;8.39825
8000601;Bad Münstereifel Arloff;34;50.59768;6.78661
8002244;Gerlenhofen;34;48.35133;10.03728
8002473;Gundersheim (Rheinhess);34;49.69017;8.19660
8004740;Owen (Teck);34;48.58700;9.44776
8004995;Reichelsheim (Wetterau);34;50.36015;8.87458
8005672;Iffeldorf;34;47.78206;11.32902
8010349;Teuchern;34;51.13386;12.01654
8005998;Unterlenningen;34;48.56526;9.46055
8070096;Albsheim (Eis);34;49.58075;8.17917
8002080;Frellstedt;34;52.21375;10.90999
8010236;Müncheberg (Mark);34;52.52473;14.10033
8004533;Oberhaid;34;49.92947;10.81764
8012843;Sassnitz;34;54.51628;13.63791
8005498;Sechshelden;34;50.74889;8.25266
8000689;Bad Abbach;34;48.92273;11.99432
8001851;Erndtebrück;34;50.99123;8.25532
8003632;Lemförde;34;52.46016;8.36161
8004381;Niederhövels;34;50.78629;7.78852
8001153;Breitscheidt (Kr Altenkirchen);34;50.74844;7.66149
8001835;Ergoldsbach;34;48.69387;12.20187
8002288;Glauburg-Glauberg;34;50.31375;8.99602
8004003;Mettenheim;34;49.73991;8.33417
8005335;Schenkenzell;34;48.30842;8.37189
8005608;Sontheim-Brenz;34;48.55932;10.28486
8012523;Nünchritz;34;51.30265;13.39197
8013297;Wetterzeube;34;51.00835;12.01264
8000488;Algermissen;34;52.25196;9.96666
8001680;Eggolsheim;34;49.77549;11.03614
8002010;Flieden;34;50.42138;9.57662
8004449;Norddeich;34;53.62158;7.16082
8013357;Wulfen (Anh);34;51.81868;11.92214
8000580;Angersbach;34;50.63077;9.44726
8001071;Bohmte;34;52.36163;8.30753
8001617;Dußlingen;34;48.45241;9.05844
8003024;Huglfing;34;47.77674;11.14055
8011933;Ilsenburg;34;51.86900;10.68310
8003866;Marienhafe;34;53.51924;7.27436
8003876;Markt Bibart;34;49.64609;10.42547
8011044;Anklam;34;53.85610;13.70183
8011079;Bad Saarow;34;52.29325;14.06493
8001262;Buggingen;34;47.85525;7.62816
8005712;Steinfurt-Grottenkamp;34;52.12325;7.37592
8012105;Krippen;34;50.91314;14.16010
8004325;Neustadt (b Coburg);34;50.33281;11.12139
8012650;Plessa;34;51.47085;13.61685
8004925;Raisting;34;47.91208;11.11416
8005086;Riederau;34;47.98258;11.09715
8005525;Selm (Kr Lüdinghausen);34;51.70664;7.45341
8005656;St. Ottilien;34;48.09454;11.04839
8006048;Utting;34;48.02274;11.09397
8006488;Winterhausen;34;49.70838;10.01188
8005639;St. Alban;34;47.96413;11.10536
8000959;Bieringen;34;48.44903;8.86092
8002242;Gerhausen;34;48.39972;9.80623
8011725;Groß Kreutz;34;52.41076;12.77633
8000190;Kaldenkirchen;33;51.32718;6.20322
8012716;Rastow;33;53.45816;11.43086
8001111;Boxberg-Wölchingen;33;49.48560;9.64005
8000846;Beelen;33;51.92932;8.11616
8005097;Rietheim;33;48.03901;8.78264
8001465;Hamminkeln-Dingden;33;51.77023;6.60787
8010399;Fürstenberg (Havel);33;53.18678;13.13927
8003124;Jever;33;53.56871;7.89298
8000589;Anzefahr;33;50.84573;8.85959
8011173;Bestensee;33;52.24213;13.63492
8001400;Deining (Oberpf);33;49.20400;11.51557
8002416;Großgeschaidt;33;49.56503;11.17220
8010151;Güsen (Kr Genthin);33;52.33489;11.97786
8002682;Heggen;33;51.15352;7.96324
8002888;Höchstädt (Donau);33;48.61831;10.56622
8004218;Neckarhausen bei Neckarsteinach;33;49.41695;8.87970
8004643;Offenau;33;49.24641;9.16529
8006686;Zwingenberg (Baden);33;49.41603;9.04283
8003899;Martinstein;33;49.80398;7.53662
8004395;Niedermittlau;33;50.17861;9.10926
8004637;Ötisheim;33;48.96657;8.81351
8012656;Pönitz (b Leipzig);33;51.40854;12.51443
8006441;Wilgartswiesen;33;49.20943;7.88382
8002826;Hilchenbach;33;50.99226;8.10715
8003559;Babenhausen Langstadt;33;49.92227;8.94573
8003813;Mainleus;33;50.09981;11.37952
8012738;Reichenbach (Oberlausitz);33;51.13547;14.79636
8006349;Wernfeld;33;50.02607;9.72553
8000655;Aufhausen (Württ);33;48.85613;10.31719
8006367;Westerhausen;33;52.23632;8.27862
8000787;Balgheim;33;48.06589;8.75989
8011714;Groß Ammensleben;33;52.23565;11.52542
8002695;Schortens-Heidmühle (Oldb);33;53.54216;7.94637
8012550;Oederan;33;50.85722;13.17479
8013174;Unterwellenborn;33;50.65925;11.43507
8004571;Oberottmarshausen;33;48.23587;10.85183
8012870;Schleife;33;51.53543;14.53210
8003220;Kehlen;33;47.68303;9.54818
8003309;Klecken;33;53.36621;9.92892
8010227;Malchin;33;53.74342;12.76104
8012469;Neupetershain;33;51.60632;14.16170
8004553;Oberlenningen;33;48.55439;9.47077
8005346;Schiffweiler;33;49.36337;7.12934
8000378;Wemmetsweiler Rathaus;33;49.36952;7.08594
8004191;Nabburg;33;49.44717;12.18070
8005334;Schemmerberg;33;48.18923;9.82903
8011751;Großharthau;33;51.10212;14.08765
8003078;Aukrug;33;54.08240;9.78581
8006679;Zuzenhausen;33;49.29739;8.82144
8001318;Calberlah;33;52.42756;10.62491
8002801;Herzebrock;33;51.88023;8.23627
8002927;Hof-Neuhof;33;50.32154;11.90471
8010189;Küstrin-Kietz;33;52.56848;14.60791
8004169;Münnerstadt;33;50.25008;10.18863
8004222;Neckarzimmern;33;49.31656;9.13758
8002029;Forth;33;49.59170;11.22146
8003577;Lauenburg (Elbe);33;53.36963;10.56797
8004809;Pfronten-Weißbach;33;47.59570;10.55774
8006147;Waigolshausen;33;49.96729;10.11603
8003857;Marbach Ost Villingen-Schwenningen;33;48.03368;8.47588
8001390;Davensberg;33;51.81794;7.59852
8002004;Boppard-Fleckertshöhe;33;50.19792;7.57789
8002943;Hohenecken;33;49.41579;7.69929
8003315;Groß Umstadt-Klein Umstadt;33;49.89437;8.93863
8012339;Merseburg Bergmannsring;33;51.33737;11.98965
8000245;Westerburg;33;50.55764;7.96698
8000771;Baden-Baden Haueneberstein;33;48.81191;8.20902
8001392;Dedenhausen;33;52.43221;10.23873
8003470;Küntrop;33;51.29340;7.81480
8003576;Lauenbrück;33;53.19703;9.56371
8012934;Schwante;33;52.73468;13.09173
8006376;Westhausen;33;48.88141;10.18365
8004165;Münchsmünster;33;48.75834;11.68741
8005030;Reken;33;51.80185;7.04996
8003305;Reken-Klein Reken;33;51.78704;7.03520
8000766;Bad Wimpfen-Hohenstadt;33;49.24254;9.13875
8001976;Ferndorf (Kr Siegen);33;50.95945;8.00923
8003186;Karlsruhe-Knielingen;33;49.02669;8.34117
8003589;Lauingen;33;48.57457;10.42497
8005089;Riedrode;33;49.64749;8.49595
8005607;Sontheim (Schwab);33;48.01181;10.34694
8011869;Hetschburg;32;50.91280;11.29820
8012180;Legefeld;32;50.92691;11.28826
8006635;Zeil;32;50.00514;10.59852
8005568;Sigmaringendorf;32;48.06890;9.26093
8001683;Egling;32;48.19086;10.97650
8013131;Torgelow;32;53.63462;14.00876
8011004;Ahrensfelde Friedhof;32;52.58088;13.57332
8003794;Luhe;32;49.57992;12.13946
8005080;Rickling;32;53.99906;10.16832
8005811;Sythen;32;51.77176;7.22653
8005948;Uffing am Staffelsee;32;47.72015;11.15895
8004067;Möhringen Rathaus;32;47.95724;8.76337
8011270;Broderstorf;32;54.07892;12.26276
8011472;Eisfeld;32;50.41779;10.90464
8002413;Großenlüder;32;50.59294;9.55000
8000861;Bellheim Am Mühlbuckel;32;49.19264;8.29763
8001205;Brucken;32;48.57392;9.45306
8002412;Großenkneten;32;52.94506;8.24114
8012463;Neukirchen-Wyhra;32;51.08785;12.53354
8005436;Schüttorf;32;52.31684;7.22061
8011588;Frohburg;32;51.06916;12.55929
8011681;Grabow (Meckl);32;53.28290;11.56420
8002835;Hillnhütten;32;50.97278;8.07132
8012314;Marlishausen;32;50.81950;11.01006
8002185;Garding;32;54.32701;8.78378
8003021;Hüttingen;32;49.96742;6.58501
8010367;Weischlitz;32;50.44810;12.06052
8001342;Coppenbrügge;32;52.11952;9.53759
8001432;Deuten;32;51.71309;6.97079
8001734;Eitensheim;32;48.81598;11.31926
8003038;Ichenhausen;32;48.37019;10.30214
8003799;Lunestedt;32;53.43908;8.73508
8004093;Morsum (Sylt);32;54.87214;8.43246
8013490;Radebeul-Naundorf;32;51.11034;13.59910
8013150;Triebes;32;50.68804;12.02331
8006101;Vohburg;32;48.73913;11.60735
8005137;Rötgesbüttel;32;52.41617;10.52432
8004326;Neustadt (Donau);32;48.80018;11.76330
8001405;Deißlingen Mitte;32;48.10837;8.61159
8001006;Blankenberg (Sieg);32;50.76848;7.34850
8011290;Bülzig;32;51.89489;12.75272
8001640;Ebing;32;50.00153;10.91385
8001983;Filsen;32;50.23889;7.58351
8002956;Hohenstadt (Mittelfr);32;49.51834;11.49146
8003241;Kestert;32;50.18706;7.64898
8012373;Mögelin;32;52.56009;12.32981
8000777;Bad Rappenau Kurpark;32;49.24037;9.11353
8004166;Münchweiler (Rodalb);32;49.22136;7.70042
8005725;Stetten (Schwab);32;48.02766;10.43604
8000862;Bellenberg;32;48.25464;10.09039
8002203;Geeste;32;52.59809;7.31204
8004567;Obernhof (Lahn);32;50.31589;7.85300
8005432;Schrobenhausen;32;48.56527;11.25924
8001990;Fischbach-Camphausen;32;49.30474;7.03113
8002716;Alheim-Heinebach;32;51.04574;9.66442
8003980;Merchweiler;32;49.35603;7.06555
8004909;Quierschied;32;49.32485;7.05939
8004988;Rehau;32;50.25056;12.03246
8013398;Zeutsch;32;50.75493;11.50826
8001418;Dernbach (Westerw);32;50.45723;7.78369
8011387;Doberschütz;32;51.49224;12.74578
8003052;Ihringen;32;48.04041;7.64878
8004452;Nordenham;32;53.48381;8.48739
8010342;Straußfurt;32;51.16390;10.98747
8006215;Wasenweiler;32;48.04659;7.68681
8001480;Döggingen;32;47.89365;8.44111
8002923;Höxter Rathaus;32;51.77260;9.38192
8003170;Kamp-Bornhofen;32;50.22799;7.61825
8003860;Reken-Maria Veen;32;51.83927;7.09817
8012831;Sachsenhausen (Nordb);32;52.77227;13.25187
8005623;Staufenberg-Speele;32;51.37746;9.56356
8001561;Dreye;32;53.01843;8.87110
8003370;Köln Airport-Businesspark;32;50.91028;7.04445
8012040;Klieken;32;51.89453;12.37178
8013018;Spornitz;32;53.41235;11.71098
8013271;Wellen (b Magdeburg);32;52.13616;11.43214
8011188;Biesenthal;32;52.75541;13.67466
8011959;Jesewitz (b Leipzig);32;51.41988;12.54538
8003665;Leutesdorf (Rhein);32;50.44768;7.39207
8005720;Sterbfritz;32;50.31287;9.62542
8000343;Schöneck (Vogtl) Ferienpark;32;50.38957;12.34704
8013017;Sponholz;32;53.56385;13.36640
8013183;Vehlefanz;32;52.72233;13.11483
8000786;Balduinstein;32;50.34739;7.96761
8001958;Bad Fallingbostel;32;52.86292;9.70023
8012231;Limbach (Vogtl);32;50.58707;12.25315
8003795;Luhe-Wildenau;32;49.59873;12.12691
8081220;Saarmund;32;52.32346;13.13964
8006213;Wasbek;32;54.07558;9.89802
8013253;Weickersdorf (Sachs);32;51.11091;14.15112
8003268;Kirchehrenbach;31;49.73515;11.14140
8004703;Ostermünchen;31;47.94215;12.04159
8012657;Pößneck ob Bf;31;50.69029;11.58834
8006347;Wernberg;31;49.53893;12.14623
8001853;Ernsgaden;31;48.73331;11.57329
8012317;Martinroda;31;50.73315;10.88094
8004927;Rammingen (Bay);31;48.05244;10.58979
8012485;Niederfinow;31;52.83067;13.92895
8004527;Obererbach;31;50.71991;7.65939
8006001;Unterlüß;31;52.83487;10.30026
8006224;Wasserzell (b Eichstätt);31;48.87535;11.16797
8010383;Wittgensdorf ob Bf;31;50.88277;12.84136
8000902;Bergtheim;31;49.89930;10.07647
8012546;Ochtmersleben;31;52.14444;11.38110
8012929;Schwallungen;31;50.68939;10.34651
8013023;Stadtilm;31;50.76696;11.07082
8001333;Coburg-Beiersdorf;31;50.28650;10.93070
8003660;Leubsdorf (Rhein);31;50.54704;7.28635
8012785;Roggentin;31;54.07349;12.21309
8005908;Trochtelfingen (b Bopfingen);31;48.83837;10.40182
8006312;Welgesheim-Zotzenheim;31;49.87857;7.95665
8004068;Möhringen Bahnhof;31;47.95815;8.77080
8003726;Löhnberg;31;50.50935;8.27431
8003753;Lorchhausen;31;50.05383;7.78140
8003906;Maschen;31;53.40382;10.06566
8004706;Osterspai;31;50.24507;7.61507
8012862;Schierstedt;31;51.75153;11.52120
8005717;Stelle;31;53.38770;10.10902
8005896;Trechtingshausen;31;50.00904;7.85236
8006363;Westendorf;31;48.57185;10.84337
8000741;Bad Salzhausen;31;50.41888;8.98038
8005551;Siebeldingen-Birkweiler;31;49.20927;8.04256
8011487;Elsterberg;31;50.61355;12.16749
8002939;Hohegrete;31;50.76484;7.64223
8003723;Löf;31;50.23057;7.44351
8012320;Mechterstädt;31;50.94378;10.52137
8004177;Müssen;31;53.49946;10.56113
8007859;Kapsweyer;31;49.03888;8.02218
8007858;Steinfeld (Pfalz);31;49.04467;8.03937
8011181;Beyendorf;31;52.06115;11.63105
8001028;Blindheim;31;48.64509;10.61793
8001670;Effolderbach;31;50.33819;9.00748
8001924;Etelsen;31;52.99920;9.12374
8002300;Godramstein;31;49.20685;8.07603
8013215;Walldorf (Werra);31;50.61760;10.39084
8011557;Frankfurt (Oder)-Neuberesinchen;31;52.32233;14.54605
8011031;Althof;31;54.09044;11.92234
8001928;Etzbach;31;50.78132;7.68866
8002537;Halen;31;52.33912;7.94504
8003081;Iphofen;31;49.69680;10.25515
8004654;Offingen;31;48.48185;10.37600
8012640;Pirna-Copitz;31;50.96811;13.93387
8005092;Rieneck;31;50.09166;9.66414
8005229;Runkel;31;50.40528;8.15937
8005582;Sipplingen;31;47.79559;9.09552
8002281;Gittelde;31;51.78734;10.20303
8003979;Merching;31;48.24577;10.97940
8013144;Treuen;31;50.54794;12.30186
8001794;Engstlatt;31;48.29712;8.87522
8002286;Glan-Münchweiler;31;49.47018;7.44485
8004499;Ober Widdersheim;31;50.42951;8.93384
8005392;Schoden-Ockfen;31;49.63638;6.58097
8006472;Windischeschenbach;31;49.79475;12.16517
8011753;Großlehna;31;51.30481;12.16882
8002784;Herrath;31;51.10432;6.36740
8012114;Krumpa;31;51.28944;11.85464
8012430;Netzschkau;31;50.61140;12.24428
8004363;Niederbiegen;31;47.83063;9.62096
8005655;St. Michaelisdonn;31;53.98962;9.11801
8013336;Wolferode;31;51.51224;11.50875
8002095;Frickhofen;31;50.50491;8.03068
8004731;Otting-Weilheim;31;48.88087;10.81893
8005489;Schwenningen (Bay);31;48.65646;10.64289
8003103;Itzelberg;31;48.73068;10.13630
8004336;Neustadt (Aisch) Mitte;31;49.57420;10.60931
8007768;Norddeich Mole;31;53.62432;7.15881
8000911;Bernau a. Chiemsee;31;47.81648;12.38096
8001052;Bad Bodenteich;31;52.83427;10.67337
8011415;Dreileben-Drackenstedt;31;52.14385;11.34156
8010096;Eilsleben (b Magdeburg);31;52.15024;11.21521
8005495;Schwindegg;31;48.27319;12.24970
8005945;Ürzig DB;31;49.99593;7.00481
8002589;Hannover-Flughafen;31;52.45873;9.69910
8010032;Berga-Kelbra;31;51.45206;11.01481
8011636;Glashütte (Sachs);31;50.85110;13.78238
8002677;Hedemünden;31;51.39216;9.76214
8003715;Listerscheid;31;51.10814;7.84950
8006401;Schwalmstadt-Wiera;31;50.88194;9.13642
8010386;Wriezen;31;52.71543;14.14024
8003711;Rotenburg an der Fulda-Lispenhausen;31;50.99025;9.76679
8004023;Millingen;31;51.56015;6.55637
8005594;Soltau (Han) Nord;31;53.00136;9.86101
8001495;Dollnstein;30;48.87143;11.07901
8013111;Teutschenthal Ost;30;51.46575;11.81982
8000657;Auggen;30;47.78995;7.58679
8012080;Kötzschau;30;51.30446;12.12390
8012489;Niederlehme;30;52.30198;13.65253
8005761;Struthütten;30;50.78144;7.97331
8006481;Winningen (Mosel);30;50.31542;7.52321
8001651;Eckartshausen-Ilshofen;30;49.15232;9.93665
8004515;Oberbimbach;30;50.57713;9.56422
8013058;Storkow (Mark);30;52.25163;13.92090
8011016;Altdöbern;30;51.65278;14.00924
8003644;Lenglern;30;51.58843;9.87120
8011132;Belgershain;30;51.23395;12.54279
8002466;Gundelfingen (Bay);30;48.54878;10.37719
8011934;Immelborn;30;50.79327;10.28048
8012262;Lüblow (Meckl);30;53.41104;11.46435
8012408;Muldenhütten;30;50.90568;13.38880
8010238;Narsdorf;30;51.00914;12.71302
8005378;Schmidtheim;30;50.41324;6.55209
8002886;Altenstadt-Höchst;30;50.26977;8.92342
8003285;Kirchheim (Weinstr);30;49.53716;8.18145
8012832;Sagard;30;54.52438;13.56496
8011144;Berga (Elster);30;50.74719;12.15887
8004922;Rain;30;48.69618;10.92751
8000740;Bad Salzdetfurth;30;52.06264;10.00559
8002912;Hörlkofen;30;48.24259;11.94234
8011952;Jeber-Bergfrieden;30;51.98464;12.34970
8013004;Sollstedt;30;51.41367;10.52985
8006300;Weißenohe;30;49.62929;11.24937
8011554;Frankenberg (Sachs) Süd;30;50.90278;13.03638
8012161;Langenstein;30;51.86046;10.97927
8012621;Peitz Ost;30;51.84398;14.44942
8001362;Dahlerbrück;30;51.25186;7.51700
8013164;Uhlstädt;30;50.74164;11.46266
8000754;Bad St Peter Süd;30;54.30501;8.64804
8001638;Ebertsheim;30;49.56400;8.10824
8002477;Gustorf;30;51.06717;6.57001
8002944;Hoheneggelsen;30;52.20018;10.19782
8003033;Huttenheim;30;49.19716;8.47264
8003568;Laubenheim (Nahe);30;49.91880;7.89722
8005298;Satzvey;30;50.62279;6.71266
8006144;Wahrenholz;30;52.60800;10.60695
8004423;Niederwinden;30;48.13978;8.02296
8005555;Siedlinghausen;30;51.25776;8.47383
8005833;Teisendorf;30;47.84940;12.83445
8000454;Aichstetten;30;47.88788;10.07494
8012864;Schirgiswalde-Kirschau;30;51.07957;14.42677
8005418;Schongau;30;47.81233;10.90246
8087062;Münchweiler (Alsenz);30;49.55061;7.88794
8000553;Morschen-Altmorschen;30;51.06728;9.61076
8001316;Cadenberge;30;53.76807;9.05816
8012663;Porstendorf;30;50.97699;11.64549
8000514;Altenahr;30;50.51565;6.98971
8011378;Dietzhausen;30;50.59944;10.59690
8011641;Glöwen;30;52.90351;12.08393
8012332;Mellingen (Thür);30;50.95009;11.39432
8005390;Schneverdingen;30;53.11057;9.79887
8001966;Feldolling;30;47.89534;11.85224
8005653;St. Mang;30;47.70890;10.32554
8001933;Eubigheim;30;49.50173;9.53801
8012198;Leisnig;30;51.16033;12.93839
8005119;Rodenkirchen (Oldb);30;53.39984;8.45479
8003125;Jockgrim;30;49.09229;8.27227
8005153;Rolandseck;30;50.63138;7.20683
8005752;Straßkirchen;30;48.83362;12.72075
8005989;Untergriesheim;30;49.26510;9.22278
8013259;Weißandt-Gölzau;30;51.66967;12.02876
8001043;Bockenheim-Kindenheim;30;49.60695;8.18803
8003699;Lindhorst (Schaumb-Lippe);30;52.35432;9.28887
8004796;Pflaumloch;30;48.84903;10.43693
8005516;Selb Nord;30;50.17892;12.13461
8006486;Winterberg (Westf);30;51.19859;8.53241
8011149;Bergsdorf;30;52.93657;13.26079
8001129;Brannenburg;30;47.74135;12.10646
8002678;Hedersdorf;30;49.56934;11.33870
8003440;Euskirchen-Kreuzweingarten;30;50.61305;6.79605
8004881;Pressig-Rothenkirchen;30;50.34884;11.31082
8001182;Brilon Stadt;30;51.39906;8.57529
8011048;Annaburg;30;51.72868;13.03276
8011632;Giersleben;30;51.76460;11.56854
8003080;Insheim;30;49.15717;8.15213
8012456;Neuhausen (b Cottbus);30;51.68703;14.41266
8004803;Pfreimd;30;49.48579;12.16745
8012677;Pritzier;30;53.36497;11.08356
8012704;Radis;30;51.75470;12.50418
8013365;Wusterwitz;30;52.38511;12.37425
8001992;Fischbachau;30;47.70565;11.93354
8003235;Kerkerbach;30;50.40196;8.13588
8013414;Zöberitz;30;51.50461;12.03346
8001646;Echem;29;53.33701;10.53720
8001813;Eppelsheim (Rheinhess);29;49.70006;8.16288
8013392;Zernsdorf;29;52.29940;13.69334
8001429;Dettum;29;52.15687;10.66013
8001950;Fachingen (Lahn);29;50.36178;7.99257
8010144;Großbothen;29;51.18401;12.75914
8002798;Herxheim am Berg;29;49.50949;8.19004
8003030;Huntlosen;29;52.99082;8.26652
8003768;Ludwigshöhe;29;49.49957;11.24878
8010244;Neumark (Sachs);29;50.66017;12.35283
8004913;Radbruch;29;53.31787;10.28962
8005005;Reichenschwand;29;49.51497;11.37344
8005095;Rieseby;29;54.54136;9.82049
8010335;Stendal-Stadtsee;29;52.60684;11.83673
8002346;Graben (Lechfeld) Gewerbepark;29;48.19915;10.85241
8000742;Boppard-Bad Salzig;29;50.20525;7.63548
8011403;Domsühl;29;53.48537;11.76587
8012483;Niederbobritzsch;29;50.90139;13.44064
8004923;Raindorf;29;49.50426;10.84599
8012899;Schönau (Hörsel);29;50.94522;10.42978
8005760;Strullendorf;29;49.84555;10.96167
8000859;Malsfeld-Beiseförth;29;51.08308;9.55313
8011383;Ditfurt;29;51.83348;11.18673
8002251;Geroldshausen;29;49.68694;9.90399
8011788;Seelow-Gusow;29;52.55930;14.35146
8005122;Rödental Mitte;29;50.29574;11.05067
8001486;Dörpen;29;52.97040;7.35451
8011585;Friesack (Mark);29;52.76071;12.58754
8012328;Meitzendorf;29;52.20939;11.55897
8011406;Dornburg (Saale);29;51.00861;11.67550
8002130;Fröndenberg-Frömern;29;51.49926;7.73593
8012673;Pretzier (Altm);29;52.83644;11.26454
8001666;Ediger-Eller;29;50.10470;7.13960
8011476;Elgersburg;29;50.70605;10.84990
8012228;Leipzig-Liebertwolkwitz;29;51.28397;12.46925
8012549;Oderin;29;52.07492;13.72692
8013010;Sonneberg (Thür) Ost;29;50.35225;11.20129
8010339;Strasburg (Uckerm);29;53.51510;13.74527
8011946;Jävenitz;29;52.51966;11.49307
8003357;Köfering;29;48.93172;12.20875
8003611;Lehmen;29;50.28475;7.45523
8005339;Scheven;29;50.55966;6.59227
8005383;Schnaittach Markt;29;49.55698;11.34444
8002445;Grüntal/Wittlensweiler;29;48.47540;8.46075
8011265;Breitungen (Werra);29;50.75247;10.32223
8003091;Isernhagen;29;52.48609;9.80384
8012685;Pulsnitz;29;51.18816;14.01380
8012967;Seehausen (Altm);29;52.88578;11.74352
8005523;Seligenstadt (b Würzburg);29;49.85426;10.10245
8013137;Trebbin;29;52.21762;13.23038
8006559;Wolterdingen (Han);29;53.02694;9.84527
8011624;Geraberg;29;50.71559;10.85720
8002444;Grünstadt Nord;29;49.57335;8.17078
8011932;Ilmenau-Roda;29;50.69723;10.88911
8004198;Naila;29;50.32964;11.71220
8004742;Oy-Mittelberg;29;47.64615;10.45813
8005008;Reichertshausen (Ilm);29;48.47120;11.51020
8010137;Gräfenroda;29;50.75889;10.83301
8004115;Mühlstetten;29;49.15149;11.00796
8006104;Voldagsen;29;52.10168;9.58268
8013205;Wahlitz;29;52.10918;11.78887
8002998;Horb-Heiligenfeld;29;48.46780;8.66015
8002349;Grafling-Arzting;29;48.88965;12.97332
8002195;Gaubüttelbrunn;29;49.63444;9.85445
8002319;Gokels;29;54.11876;9.47008
8011864;Herrnburg;29;53.83771;10.76001
8011398;Dohna (Sachs);29;50.96119;13.85557
8011794;Hadmersleben;29;52.00736;11.32445
8002641;Hattorf;29;51.64622;10.23600
8012259;Luckenau;29;51.09399;12.07790
8010229;Mehltheuer;29;50.54431;12.03709
8005107;Ritterhude;29;53.18363;8.75389
8012903;Schönborn (b Doberlug);29;51.60201;13.46805
8005168;Rosenberg (Baden);29;49.45758;9.47142
8087067;Weingarten (Berg);29;47.81685;9.61688
8011017;Altefähr;29;54.32293;13.14101
8001389;Dausenau;29;50.32687;7.75821
8001919;Eßleben;29;49.94310;10.08522
8003181;Karlsdorf;29;49.14448;8.54787
8012329;Melchow;29;52.77487;13.69438
8004848;Pönitz (Holst);29;54.04565;10.67116
8012777;Rodleben;29;51.89749;12.21729
8010347;Templin;29;53.11234;13.49148
8006170;Walhausen (Saar);29;49.55880;7.12937
8005630;Spiegelau;29;48.91772;13.35926
8006172;Walkenried;29;51.58488;10.60881
8013258;Weisen;29;53.02555;11.78750
8011500;Erfurt Ost;29;51.01454;11.04377
8002501;Häuserhof;29;50.41859;8.93916
8003098;Istein;29;47.66089;7.54294
8003325;Kleinkems;29;47.68613;7.52466
8012358;Miltzow;29;54.20095;13.19746
8004049;Mochenwangen;29;47.87257;9.63790
8004297;Haunetal-Neukirchen;29;50.77084;9.69255
8012528;Oberlichtenau;29;50.90791;12.95928
8005149;Rohrenfeld;29;48.72131;11.25867
8005381;Schmiechen (Schwab);29;48.21305;10.97809
8006256;Weichering;29;48.72064;11.33041
8011729;Groß Lüsewitz;29;54.07341;12.33922
8000595;Nottuln-Appelhülsen;29;51.89214;7.42633
8000807;Barnstorf (Han);29;52.70759;8.51046
8002012;Flintsbach;29;47.72425;12.12802
8002191;Gau Bickelheim;29;49.84029;8.02029
8011637;Glaubitz (b Riesa);29;51.31756;13.36543
8011795;Hähnichen;29;51.36412;14.85673
8002843;Himmelpforten;29;53.62330;9.31047
8003249;Kiefersfelden;29;47.60991;12.19047
8004507;Oberaudorf;29;47.65279;12.17526
8010011;Auerbach (Vogtl) ob Bf;29;50.51914;12.38205
8000870;Bengel;29;50.01038;7.05803
8001872;Eschede;29;52.74078;10.23014
8002447;Grünsfeld;29;49.60493;9.74545
8002797;Herten (Baden);29;47.54951;7.73966
8003649;Lensahn;29;54.21931;10.89045
8011629;Gerstungen;28;50.96466;10.06504
8002458;Günzach;28;47.81960;10.43956
8002884;Hodenhagen;28;52.76656;9.59506
8003173;Kanzem;28;49.66936;6.57367
8003498;Lambsheim;28;49.51186;8.28348
8012491;Niederoderwitz;28;50.95230;14.72441
8000459;Ainring;28;47.81503;12.96450
8001285;Burgheim;28;48.70105;11.02698
8002233;Genderkingen;28;48.69584;10.88516
8002570;Hammerau;28;47.79588;12.94613
8011867;Herzberg (Elster);28;51.67945;13.20279
8003558;Langsdorf (Oberhess);28;50.49495;8.85699
8004859;Pommern (Mosel);28;50.16930;7.26984
8005993;Unterhausen (Bay);28;48.71677;11.10029
8011154;Berkenbrück;28;52.35719;14.16522
8001271;Burg (Dillkr) Nord;28;50.69988;8.30769
8012155;Langendorf;28;51.18145;11.95932
8003582;Laufach;28;50.01067;9.27769
8004700;Osterhofen (Niederbay);28;48.69547;13.01871
8005824;Tapfheim;28;48.67921;10.69408
8006475;Wingst;28;53.74505;9.09816
8005713;Steinweiler;28;49.12084;8.13070
8012497;Niederschlottwitz;28;50.88958;13.81098
8004880;Pressath;28;49.76407;11.93914
8000775;Baden-Baden Rebland;28;48.73384;8.14657
8006678;Zusenhofen;28;48.54473;8.01847
8002340;Gräfenberg;28;49.64163;11.25036
8012083;Kolkwitz;28;51.75773;14.25017
8004064;Mönchröden;28;50.30223;11.05761
8012902;Schönberg (Meckl);28;53.85338;10.92787
8000456;Tuttlingen Nord;28;47.99260;8.82374
8001808;Epe (Westf);28;52.18346;7.03009
8002737;Helpup;28;51.97738;8.71472
8010196;Crossen a. d. Elster;28;50.96573;11.98406
8012502;Niedertrebra;28;51.06434;11.57925
8010350;Themar;28;50.50671;10.61752
8006309;Weizern-Hopferau;28;47.61459;10.62046
8013291;Werther;28;51.46992;10.74215
8006661;Zimmern bei Seckach;28;49.43041;9.37198
8001880;Eschenlohe;28;47.60175;11.18794
8002063;Freden (Leine);28;51.92779;9.89901
8003070;Imsweiler;28;49.59766;7.80798
8011940;Jacobsdorf (Mark);28;52.33263;14.35504
8003318;Kleinblittersdorf;28;49.15729;7.03346
8006120;Vorra (Pegnitz);28;49.56267;11.49329
8000611;Arsbeck;28;51.15198;6.20708
8000668;Aumenau;28;50.40042;8.24925
8000871;Bennemühlen;28;52.58099;9.72684
8011211;Blumberg (b Berlin);28;52.60523;13.61177
8013009;Sonneberg (Thür) Nord;28;50.36548;11.20755
8005947;Uffenheim;28;49.55126;10.24289
8006083;Villmar;28;50.39562;8.18689
8006460;Wilster;28;53.92623;9.38346
8004280;Rottweil Neufra;28;48.12682;8.67042
8000743;Bad Salzschlirf;28;50.62694;9.49448
8001065;Senden-Bösensell;28;51.90703;7.48769
8001266;Buldern;28;51.86305;7.37048
8011961;Jeßnitz (Anh);28;51.68255;12.27735
8004901;Puschendorf;28;49.52076;10.82818
8012946;Schweikershain;28;51.03779;12.95571
8013165;Uhsmannsdorf;28;51.32814;14.89431
8013275;Lutherstadt Wittenberg-Labetz;28;51.87146;12.69419
8003175;Kapellen-Drusweiler;28;49.10562;8.03075
8000424;Adelsheim Ost;28;49.40312;9.39513
8001406;Dellfeld;28;49.22778;7.46917
8002115;Friedrichstadt;28;54.37749;9.07926
8002380;Grombach;28;49.22615;8.99690
8012257;Lubolz;28;51.96242;13.82135
8005497;Schwörstadt;28;47.59102;7.87033
8002507;Hagen (Han);28;52.57369;9.40895
8012758;Reuterstadt Stavenhagen;28;53.70692;12.91420
8005283;Steinheim-Sandebeck;28;51.81837;8.98695
8017042;Untergrainau;28;47.48112;11.04282
8000597;Ardey;28;51.48116;7.72718
8011712;Gröditz (b Riesa);28;51.41147;13.43954
8002962;Holdorf (Oldb);28;52.57497;8.13837
8004321;Neusorg;28;49.93384;11.97199
8012567;Oßmannstedt;28;51.01909;11.42530
8011059;Auerbach (Vogtl) Hp;28;50.50695;12.37920
8000061;Burg-und Nieder Gemünden;28;50.69111;9.04760
8003457;Krumbach (Schwab);28;48.24759;10.35862
8012826;Sättelstädt;28;50.94591;10.48034
8013112;Thale Hbf;28;51.74605;11.03105
8010376;Wiesenburg (Mark);28;52.09882;12.43121
8006503;Wissingen;28;52.25821;8.20505
8000944;Biberach Süd;28;48.08702;9.80324
8011258;Breddin;28;52.88605;12.22422
8002861;Boppard-Hirzenach;28;50.17507;7.64844
8012445;Teichland;28;51.81861;14.42381
8013465;Schönebeck-Felgeleben;28;52.00075;11.75715
8005457;Schwarmstedt;28;52.67888;9.62475
8005749;Straß-Moos;28;48.71132;11.05031
8087065;Beverungen-Wehrden;28;51.70961;9.38255
8011269;Briesen (Mark);28;52.34653;14.28064
8001190;Brokstedt;28;53.99009;9.82381
8010071;Calbe (Saale) West;28;51.90569;11.75878
8012097;Krensitz;28;51.49056;12.46134
8004078;Monreal;28;50.29636;7.15306
8001686;Ehlenbruch;28;51.98127;8.74124
8011988;Kamenz (Sachs);28;51.27378;14.09219
8012037;Kleinschirma;28;50.90274;13.28176
8005116;Rodenbach (Dillkr);28;50.77399;8.20526
8006243;Wegberg;28;51.14518;6.28129
8006461;Wiltingen (Saar);28;49.66264;6.59046
8012162;Langenweddingen;28;52.04555;11.53240
8012511;Nohra (b Weimar);28;50.96922;11.26730
8006037;Urschalling;28;47.83581;12.33869
8011371;Deutzen;28;51.11443;12.41954
8003563;Lathen;28;52.86075;7.32257
8005379;Schmiechen;28;48.36236;9.72038
8012965;Seebergen;28;50.92927;10.79270
8005517;Selb Stadt;28;50.17422;12.12631
8005857;Theisbergstegen;28;49.51898;7.44837
8007856;Wilhermsdorf Mitte;28;49.47999;10.71655
8000792;Baltersweiler;28;49.49379;7.16654
8001668;Edingen (Kr Wetzlar);28;50.63217;8.32282
8011808;Halberstadt Oststraße;28;51.88501;11.06544
8002929;Hofeld;28;49.51192;7.15975
8004199;Namborn;28;49.52392;7.14628
8010249;Neustadt (Sachs);28;51.02138;14.21325
8004348;Nieder Ohmen;28;50.64505;9.03402
8004763;Peißenberg Nord;28;47.81568;11.07730
8012639;Pirk;28;50.42753;12.07628
8006184;Walleshausen;28;48.15022;10.98100
8002085;Freilassing-Hofham;28;47.83120;12.96828
8001137;Bredelar;28;51.41917;8.77657
8004806;Pfronten-Ried;28;47.58359;10.56103
8005907;Triesdorf;28;49.20092;10.67914
8006561;Woltwiesche;28;52.20075;10.27900
8001317;Cadolzburg;28;49.46065;10.86361
8001998;Fischhausen-Neuhaus;28;47.70626;11.87328
8003284;Kirchheim (Unterfr);28;49.65675;9.85771
8012597;Otterwisch;28;51.20033;12.60179
8012305;Marke;27;51.74110;12.25703
8012351;Mieste;27;52.48375;11.20477
8006292;Weisenheim (Sand);27;49.51393;8.24987
8003800;Lutten;27;52.76818;8.34398
8011125;Beetz-Sommerfeld;27;52.80426;13.02209
8011852;Heldrungen;27;51.30217;11.18319
8012167;Laucha (Unstrut);27;51.22206;11.67844
8003656;Leschede;27;52.39764;7.30596
8012312;Marksuhl;27;50.90835;10.22459
8004268;Neuendettelsau;27;49.28267;10.78237
8012966;Seefeld (Mark);27;52.61829;13.67599
8010371;Werbig;27;52.56462;14.40728
8013313;Wilmersdorf (b Angermünde);27;53.11163;13.89246
8011323;Calbe (Saale) Stadt;27;51.91388;11.77634
8010054;Blankenheim (Kr Sangerhausen);27;51.50278;11.42600
8001310;Buttenheim;27;49.79940;11.01373
8011697;Greiz-Dölau;27;50.63088;12.18522
8012044;Klingenberg-Colmnitz;27;50.92597;13.50101
8012479;Neuzelle;27;52.09880;14.64887
8011314;Chorin;27;52.90354;13.86971
8001387;Dauenhof;27;53.85246;9.68066
8002690;Heidenheim-Mergelstetten;27;48.65328;10.16098
8002838;Hilpoltstein;27;49.18877;11.18415
8003528;Langenbach (Oberbay);27;48.43810;11.85285
8012237;Lindenberg (Mark);27;52.20363;14.11171
8003884;Marktleuthen;27;50.13080;12.01317
8012636;Pillgram;27;52.33690;14.39853
8013005;Solpke;27;52.50042;11.29418
8011111;Barleben;27;52.20894;11.62087
8011860;Heringen (Helme);27;51.45150;10.87525
8002921;Hövelriege;27;51.86512;8.64207
8003211;Kattenes;27;50.25455;7.43922
8003903;Marxgrün;27;50.35498;11.68657
8004096;Moselkern;27;50.19548;7.37136
8011945;Jänschwalde Ost;27;51.87782;14.54125
8012394;Mühlbach (b Pirna);27;50.91412;13.81878
8004747;Paindorf;27;48.44268;11.48726
8006418;Wiesenthau;27;49.71365;11.12720
8011093;Bärenklau;27;52.70404;13.14353
8010110;Förtha (Kr Eisenach);27;50.93885;10.26201
8003348;Knesebeck;27;52.67781;10.69027
8012490;Niederndodeleben;27;52.12998;11.50266
8004753;Pappenheim;27;48.92641;10.96403
8006116;Vorhop;27;52.64804;10.65638
8000674;Auw an der Kyll;27;49.90360;6.61453
8003182;Bad Karlshafen;27;51.64627;9.44571
8011929;Ilberstedt;27;51.80656;11.64737
8003664;Leutershausen-Wiedersbach;27;49.29490;10.44010
8012458;Neuhof (b Zossen);27;52.13967;13.47958
8013489;Priort;27;52.51637;12.97137
8011284;Buckow (b Beeskow);27;52.18818;14.16951
8001273;Burg (Dithm);27;54.00797;9.25009
8012115;Kubschütz;27;51.16573;14.50963
8003763;Ludwigschorgast;27;50.12162;11.55725
8012493;Niederpöllnitz;27;50.76636;11.95708
8013047;Stenn;27;50.67876;12.44163
8000539;Altenstadt (Iller);27;48.16119;10.10998
8002074;Freihalden;27;48.38470;10.50220
8011573;Freyburg (Unstrut);27;51.20908;11.76731
8011761;Großschönau (Sachs);27;50.89256;14.66545
8011915;Hopfgarten (Kr Weimar);27;50.98423;11.22119
8003123;Jettingen;27;48.39913;10.44547
8003344;Klotten;27;50.16533;7.20326
8004030;Mindelaltheim;27;48.45598;10.40790
8004101;Müden (Mosel);27;50.18486;7.33939
8004104;Mühlen (b Horb);27;48.44994;8.72680
8012750;Rentwertshausen;27;50.45516;10.43228
8005151;Roigheim;27;49.36083;9.34183
8005995;Unterheckenhofen;27;49.21352;11.05615
8013226;Wandersleben;27;50.90667;10.85250
8002411;Großenbrode;27;54.36631;11.08078
8000624;Aschendorf;27;53.05218;7.33715
8003658;Lette (Kr Coesfeld);27;51.89249;7.18700
8012596;Ottendorf-Okrilla Süd;27;51.17797;13.82492
8005068;Rheinweiler;27;47.70953;7.53164
8006360;Westbarthausen;27;52.09698;8.23264
8000767;Bad Windsheim;27;49.50660;10.41294
8011097;Bagenz;27;51.65489;14.42691
8001104;Borsdorf (Hess);27;50.42941;8.97522
8002954;Hohenpeißenberg;27;47.78880;10.99925
8080630;Halle (Westf.) OWL-Arena;27;52.06164;8.34380
8001054;Bodenwöhr Nord;27;49.27838;12.32595
8011630;Gerwisch;27;52.17759;11.74210
8012006;Kerkwitz;27;51.90958;14.62757
8013146;Treuenbrietzen Süd;27;52.08061;12.88092
8006139;Wahlbach (Kr Siegen);27;50.75842;8.05378
8011628;Gersdorf (b Görlitz);27;51.12521;14.85425
8011928;Hundsgrün;27;50.36626;12.21145
8011944;Jänschwalde;27;51.86627;14.50076
8003780;Höxter-Lüchtringen;27;51.79093;9.42721
8004668;Oldenbüttel;27;53.28343;8.81047
8006489;Wintermoor;27;53.18614;9.82854
8012563;Oppurg;27;50.70588;11.65068
8012830;Sachsendorf (b Calbe);27;51.87005;11.86552
8013371;Zahna;27;51.91997;12.78121
8002533;Halbmeil;27;48.29075;8.27045
8002596;Hardhof;27;49.49692;10.78473
8003129;Jossa;27;50.23251;9.60418
8012043;Klinge;27;51.74361;14.51827
8004313;Neunkirchen (Kr Siegen);27;50.78470;8.00610
8012553;Oelsnitz (Erzgeb);27;50.73418;12.69393
8012593;Ottendorf (b Mittweida);27;50.93512;12.95286
8011184;Biendorf;27;51.75686;11.85641
8011700;Greußen;27;51.22913;10.94148
8002605;Harsdorf;27;50.02776;11.56627
8012923;Schönwalde (Spreewald);27;51.99080;13.77772
8012975;Seerhausen;27;51.27027;13.24008
8003420;Kraghammer;27;51.10913;7.87376
8005625;Speikern;27;49.52864;11.33699
8006592;Wulften;27;51.65940;10.17603
8000537;Altenseelbach;27;50.78384;7.99240
8011199;Bischheim-Gersdorf;27;51.22841;14.04552
8011758;Großröhrsdorf;27;51.14852;14.01731
8012425;Nennhausen;27;52.59991;12.50279
8012686;Pulsnitz Süd;27;51.17973;14.00772
8012796;Roßla;26;51.46288;11.06549
8000517;Altenbamberg;26;49.78686;7.83075
8011480;Ellrich;26;51.57980;10.66944
8011540;Finkenheerd;26;52.24942;14.56959
8003552;Langenzenn;26;49.49694;10.80186
8005891;Trais-Horloff;26;50.45059;8.91097
8013261;Weißenfels West;26;51.19448;11.94396
8006459;Wilsenroth;26;50.53111;8.03279
8000926;Besseringen;26;49.47597;6.60256
8001828;Bitburg-Erdorf;26;49.99869;6.57096
8012211;Leuna Werke Nord;26;51.32067;12.00093
8012212;Leuna Werke Süd;26;51.30660;12.00664
8003991;Merzig Stadtmitte;26;49.44348;6.63523
8004200;Namedy;26;50.45715;7.36177
8004765;Peiting Ost;26;47.79295;10.93669
8005231;Rupprechtstegen;26;49.59744;11.48048
8005246;Saarhölzbach;26;49.51644;6.60750
8005536;Sennfeld;26;49.37876;9.38052
8005734;Stockau;26;49.91958;11.66672
8005783;Süderdeich;26;54.19819;8.91125
8005903;Triefenried;26;48.96967;13.05269
8006067;Velden (b Hersbruck);26;49.61081;11.51833
8006266;Weiherhammer;26;49.63125;12.06183
8000173;Wunsiedel-Holenbrunn;26;50.05111;12.03393
8006644;Zell-Romrod;26;50.72716;9.19980
8000759;Bad Salzdetfurth-Solebad;26;52.06994;10.01892
8010084;Gnadau;26;51.97960;11.78115
8003522;Langelsheim;26;51.93012;10.34317
8012614;Paulinenaue;26;52.67589;12.71327
8012675;Prittitz;26;51.15841;11.93733
8011668;Golßen (Niederlausitz);26;51.97427;13.57477
8010150;Grunow (Niederlausitz);26;52.16507;14.37884
8012409;Muldenstein;26;51.66779;12.35405
8012465;Neumühle (Elster);26;50.70213;12.16984
8004345;Nieder Flörsheim-Dalsheim;26;49.65690;8.20427
8012895;Schneeberg (Mark);26;52.16456;14.32992
8000474;Albstadt-Laufen Ort;26;48.22286;8.91732
8000599;Arfurt (Lahn);26;50.40640;8.21108
8001727;Matzenbach;26;49.49438;7.45608
8012599;Ovelgünne;26;52.14181;11.26943
8013437;Zwota;26;50.35262;12.42774
8013436;Zwota-Zechenbach;26;50.35113;12.39999
8012452;Neuhaus-Igelshieb;26;50.50105;11.14611
8001341;Contwig;26;49.24528;7.42792
8002800;Herzberg Schloß;26;51.65449;10.33280
8003905;Marzling;26;48.41040;11.80011
8013129;Töppeln;26;50.89086;12.00616
8005673;Stambach;26;49.23917;7.45662
8003897;Marstetten-Aitrach;26;47.94394;10.08017
8004577;Oberschefflenz;26;49.41692;9.27885
8004858;Pommelsbrunn;26;49.50146;11.51361
8001278;Burgbernheim-Wildbad;26;49.44329;10.31232
8011319;Coschen;26;52.01984;14.71817
8001502;Dorfmark;26;52.89914;9.77130
8002137;Fürfurt;26;50.43049;8.25314
8011848;Heiligengrabe;26;53.15011;12.34258
8000534;Muhr am See;26;49.15436;10.72049
8005154;Rollhofen;26;49.54372;11.33552
8013272;Wellmitz;26;52.06464;14.71490
8004271;Neuenkirchen (Oldb);26;52.50843;8.05957
8005812;Taben;26;49.55266;6.60082
8013245;Wasungen;26;50.66289;10.35929
8006517;Wittighausen;26;49.61841;9.84624
8000647;Aue-Wingeshausen;26;51.05179;8.29008
8012145;Lampertswalde;26;51.30863;13.68085
8010202;Lehndorf (Kr Altenburg);26;50.93783;12.42581
8003898;Martinlamitz;26;50.21553;11.95051
8003988;Mertesheim;26;49.56920;8.13392
8012565;Ortrand;26;51.37363;13.76495
8006537;Wörth (Isar);26;48.62418;12.33292
8002598;Haren (Ems);26;52.78512;7.30143
8002879;Hochstätten (Pfalz);26;49.76334;7.82910
8003567;Laubendorf;26;49.49437;10.75270
8004369;Niederdresselndorf;26;50.72121;8.13639
8012535;Oberschlottwitz;26;50.87055;13.81449
8012568;Osterburg;26;52.78767;11.76039
8004709;Osterwald;26;52.09734;9.63654
8012679;Prösen;26;51.43506;13.48839
8005867;Tiebensee;26;54.21949;9.01923
8013186;Ventschow;26;53.78721;11.58002
8006156;Waldfischbach;26;49.28834;7.65152
8006663;Zimmersrode;26;51.00814;9.22519
8001776;Emmerich-Elten;26;51.87430;6.15417
8011519;Ettenhausen;26;50.87456;10.23225
8002760;Herbertingen Ort;26;48.05357;9.43340
8011451;Edle Krone;26;50.95002;13.58363
8012841;Sanitz (b Rostock);26;54.07506;12.37659
8013191;Viernau;26;50.66711;10.55891
8001221;Bubach;26;49.41102;6.94821
8001293;Burgsinn;26;50.15032;9.65607
8001258;Büsenbachtal;26;53.26960;9.85859
8001365;Dalheim;26;51.14914;6.17860
8001470;Dirmingen;26;49.41539;7.01238
8011477;Ellefeld;26;50.48800;12.38438
8001812;Eppelborn;26;49.40866;6.96719
8011762;Großschwabhausen;26;50.93696;11.48193
8011815;Hammelspring;26;53.07023;13.43574
8002575;Handeloh;26;53.24169;9.84471
8011818;Hangelsberg;26;52.40027;13.92092
8002764;Herbolzheim (Jagst);26;49.28149;9.25982
8003311;Hanau Klein Auheim;26;50.10073;8.93429
8003407;Kordel;26;49.83637;6.63493
8003478;Kupfermühle;26;53.76218;10.32643
8004258;Neudenau;26;49.28837;9.27082
8004444;Nohen;26;49.63965;7.24209
8012551;Oegeln;26;52.17273;14.27087
8005539;Serrig;26;49.57713;6.56998
8005566;Siglingen;26;49.29744;9.30534
8005624;Speicher;26;49.92918;6.61591
8013158;Uchtspringe;26;52.54367;11.59224
8006627;Wustweiler;26;49.39890;7.03482
8006676;Züttlingen;26;49.29166;9.32912
8000558;Alzey Süd;26;49.73813;8.11873
8011042;Angern-Rogätz;26;52.33846;11.75953
8002898;Höllenthal;26;50.36380;11.68382
8004125;Höchst Mümling-Grumbach;26;49.77167;8.98564
8004701;Osterhofen (Oberbay);26;47.68765;11.98688
8010288;Probstzella;26;50.52823;11.38357
8011213;Blumenhagen;26;53.52833;13.87204
8011252;Brandenburg-Altstadt;26;52.41170;12.53035
8011390;Döberitz;26;52.52433;12.36846
8001877;Eschenbach (b Markt Erlbach);26;49.48223;10.67164
8011574;Friedersdorf (b Königs Wusterhausen);26;52.28956;13.78652
8003207;Katharinenheerd;26;54.33416;8.83049
8004851;Poggenhagen;26;52.46731;9.45397
8006448;Wilhermsdorf;26;49.48340;10.72524
8006662;Zimmern;26;49.59535;9.79051
8000681;Babstadt;26;49.24020;9.06071
8012232;Limmritz (Sachs);26;51.11781;13.04965
8000739;Bad Sachsa;26;51.58194;10.57321
8013547;Hörschel;26;51.00780;10.23327
8012274;Lützow;26;53.65597;11.18043
8004521;Oberdachstetten;26;49.41808;10.42312
8006041;Uslar;26;51.65448;9.65524
8001265;Brunnen;26;48.62916;11.29810
8011133;Belleben;26;51.67360;11.63338
8012370;Mixdorf;26;52.19778;14.39480
8013381;Zeithain;26;51.33021;13.34455
8001460;Dillbrecht;26;50.80182;8.20377
8012302;Marienborn;26;52.19790;11.12327
8004503;Oberammergau;26;47.59954;11.05708
8005050;Reuth (b Erbendorf);26;49.84004;12.11844
8005593;Solnhofen;26;48.89199;10.99398
8013087;Tanndorf;26;51.16155;12.84820
8013115;Theißen;26;51.09043;12.10663
8006667;Zollhaus Villingen-Schwenningen;26;48.04089;8.50600
8002958;Hohensülzen;26;49.62179;8.21417
8011298;Burkhardswalde-Maxen;25;50.92515;13.83837
8004679;Oppenau;25;48.47200;8.15976
8004820;Pinzberg;25;49.69881;11.09710
8005172;Roßbach (Pfalz);25;49.57211;7.62325
8005445;Schwabsberg;25;48.92519;10.13889
8006232;Weckesheim;25;50.35956;8.84367
8006357;Wesselburen;25;54.20718;8.93272
8002649;Hauenstein (Pfalz);25;49.20139;7.83001
8003286;Kirchhorsten;25;52.30788;9.11978
8004043;Mittenwald;25;47.44003;11.26571
8012507;Nienburg (Saale);25;51.83795;11.76153
8005689;Steinalben;25;49.31624;7.65161
8012584;Graal-Müritz-Koppelweg;25;54.24589;12.23717
8011549;Förderstedt;25;51.90352;11.63376
8010171;Hosena;25;51.45471;14.01610
8012933;Schwanheide;25;53.42816;10.68999
8005505;Seeg;25;47.65527;10.61398
8006527;Witzwort;25;54.38610;8.99856
8013452;Bad Lobenstein;25;50.45242;11.64181
8012981;Seitschen;25;51.15377;14.32533
8010352;Triptis;25;50.74088;11.87217
8000475;Albstadt-Lautlingen;25;48.21364;8.95462
8000997;Bischofswiesen;25;47.65189;12.96014
8001069;Bogen;25;48.91059;12.68614
8012012;Kirchscheidungen;25;51.24470;11.66257
8012171;Lauscha (Thür);25;50.47331;11.16030
8012527;Oberlauscha;25;50.48495;11.15626
8012641;Pirna-Copitz Nord;25;50.97761;13.93536
8002648;Hauenstein Mitte;25;49.19917;7.84956
8000520;Felsberg-Altenbrunslar;25;51.16523;9.44546
8001648;Echzell;25;50.39072;8.89131
8011456;Eggesin;25;53.68183;14.07305
8012089;Kraftwerk Finkenheerd;25;52.26323;14.57565
8003484;Kyllburg;25;50.04193;6.59703
8003773;Lübberstedt;25;53.34336;8.78510
8012678;Prödel;25;52.03764;11.91334
8004979;Redwitz (Rodach);25;50.16883;11.20729
8013172;Untermaßfeld;25;50.53663;10.41548
8013305;Wiesenau;25;52.23132;14.58390
8006546;Felsberg-Wolfershausen;25;51.18655;9.45006
8013406;Ziltendorf;25;52.19951;14.61633
8010336;Plauen (Vogtl)-Straßberg;25;50.48021;12.09231
8012576;Ostrau;25;51.20029;13.16640
8012637;Pinnow (Uckermark);25;53.06534;14.08874
8010353;Luckau-Uckro;25;51.85212;13.60784
8013424;Zschaitz;25;51.16875;13.15668
8000810;Barrien;25;52.94684;8.81851
8011556;Frankenstein (Sachs);25;50.90292;13.22847
8007860;Schweighofen;25;49.03269;7.99922
8002593;Harburg (Schwab);25;48.77890;10.69845
8012263;Lübs (b Magdeburg);25;52.02021;11.93517
8012391;Mücka;25;51.31953;14.70818
8004882;Pretzfeld;25;49.75731;11.17005
8012855;Wendisch-Rietz;25;52.20683;14.00965
8002159;Furth im Wald;25;49.30981;12.83881
8002220;Geitau;25;47.69389;11.96640
8013034;Steinach (Thür);25;50.43272;11.15864
8002638;Hattert;25;50.67603;7.77634
8011910;Holzdorf (b Weimar);25;50.94187;11.27719
8011981;Kablow;25;52.30007;13.72135
8012438;Neubukow;25;54.03078;11.67776
8011190;Bindfelde;25;52.58456;11.89804
8012207;Leubingen;25;51.20510;11.15332
8012533;Oberrohn;25;50.84986;10.21411
8012711;Rambin (Rügen);25;54.35343;13.20781
8012735;Rehfelde;25;52.52842;13.92280
8012835;Samtens;25;54.35412;13.29018
8001482;Donaueschingen Aufen;25;47.96336;8.47562
8001483;Donaueschingen Grüningen;25;47.98305;8.47182
8011226;Börnecke (Harz);25;51.81968;10.99576
8003724;Löffingen;25;47.88343;8.34180
8004814;Philippsheim;25;49.95343;6.62569
8005219;Rüsselbach;25;49.60874;11.23177
8012959;Sebnitz (Sachs);25;50.97584;14.27217
8012998;Singen (Thür);25;50.72780;11.06726
8006181;Wallersdorf;25;48.74064;12.74346
8011388;Dodendorf;25;52.04895;11.61309
8011602;Gebra (Hainleite);25;51.42715;10.59539
8004105;Mühlen (Oldb);25;52.61969;8.20851
8012504;Niederwillingen;25;50.77546;11.03871
8012781;Rödlitz-Hohndorf;25;50.74225;12.65403
8002578;Happurg;25;49.50005;11.46836
8011112;Barleber See;25;52.21433;11.64085
8011116;Baruth (Mark);25;52.05792;13.51196
8011208;Blechhammer (Thür);25;50.39683;11.20316
8001693;Ehringshausen (Oberhess);25;50.70878;9.10186
8010105;Eisenach Opelwerk;25;50.97933;10.28349
8002320;Goldenstedt (Oldb);25;52.80061;8.39458
8002633;Haßmersheim;25;49.30403;9.15413
8011925;Hüttengrund;25;50.38115;11.19771
8012178;Lauterbach-Steinbach;25;51.17504;12.61939
8012377;Mönchhagen;25;54.14357;12.22534
8013248;Wefensleben;25;52.17694;11.15521
8006643;Bad König-Zell;25;49.72033;8.99412
8005072;Rheinzabern Alte Römerstraße;25;49.10937;8.27306
8001203;Bruckberg;25;48.51598;11.99778
8001819;Nistertal-Bad Marienberg;25;50.63211;7.90058
8002180;Garbeck;25;51.32146;7.83990
8012079;Köttewitz;25;50.94514;13.85970
8004761;Peiß;25;47.96010;11.77660
8005096;Rieste;25;52.48472;8.01061
8013285;Werneuchen;25;52.63746;13.73831
8010246;Neuruppin West;25;52.92624;12.79389
8000905;Beringstedt;25;54.11367;9.53750
8011346;Darlingerode;25;51.84908;10.73304
8012215;Leuthen (b Cottbus);25;51.69508;14.25611
8004774;Petersaurach;25;49.30366;10.74543
8000623;Ascheberg (Westf);25;51.78299;7.60075
8001388;Daufenbach;25;49.87597;6.63991
8011361;Dessau Süd;25;51.80220;12.23645
8011364;Dessau-Mosigkau;25;51.81408;12.14855
8010078;Deuben (b Zeitz);25;51.11053;12.06891
8001706;Eichhagen;25;51.05917;7.83687
8011529;Falkenau (Sachs) Süd;25;50.84935;13.11026
8002207;Geilhausen;25;50.77157;7.63867
8002565;Hammah;25;53.61214;9.36873
8003700;Lindwedel;25;52.61094;9.68902
8004071;Möttingen;25;48.80681;10.59783
8004758;Pechbrunn;25;49.96954;12.16596
8005121;Roding;25;49.21448;12.51574
8005249;Saasen;25;50.59408;8.88177
8005279;Sand (Niederbay);25;48.89714;12.67264
8005600;Sondern;25;51.07308;7.84258
8006745;Straubing Ost;25;48.87641;12.59225
8013180;Vahldorf;25;52.25239;11.49976
8006505;Wittbräucke;25;51.42017;7.44591
8001348;Creußen (Oberfr);25;49.84947;11.62844
8011671;Golzow (b Eberswalde);25;52.91401;13.82697
8011707;Grimmen;25;54.10974;13.03402
8012367;Mittelschmalkalden;25;50.71771;10.40006
8000793;Balve;24;51.33259;7.86307
8010091;Dürrröhrsdorf;24;51.02814;14.00738
8011531;Falkenberg (Mark);24;52.80818;13.95998
8003655;Leopoldstal;24;51.84450;8.97118
8004914;Radersdorf;24;48.51442;11.16227
8005703;Steinfeld (Oldb);24;52.59280;8.19815
8013123;Thyrow;24;52.24723;13.25963
8002895;Höhmühlbach;24;49.24389;7.52603
8003639;Lengenwang;24;47.69740;10.60121
8004970;Rechterfeld;24;52.83868;8.39129
8005133;Röslau;24;50.07510;11.99409
8006570;Wremen;24;53.64699;8.52127
8000526;Altengörs;24;53.89870;10.35555
8003058;Illesheim;24;49.47973;10.38265
8003355;Kochel;24;47.66065;11.37099
8004396;Niedermohr;24;49.45843;7.47159
8011028;Altersbach;24;50.70064;10.54452
8011822;Harras (Thür);24;50.41298;10.85807
8003608;Legden;24;52.03493;7.08850
8003771;Ludwigsthal;24;49.05960;13.23781
8013184;Veilsdorf;24;50.41533;10.81376
8000932;Beuggen;24;47.58191;7.81091
8011354;Demitz-Thumitz;24;51.14214;14.23962
8001627;Ebermannstadt;24;49.77680;11.18687
8011776;Grüneberg;24;52.86780;13.21302
8005374;Schmalnau;24;50.45601;9.78785
8000921;Berzhahn;24;50.53989;8.00603
8001704;Eichenzell;24;50.49401;9.69472
8012064;Kölleda;24;51.18027;11.24491
8012249;Lohmen;24;50.98906;13.98790
8004223;Neef;24;50.09105;7.13942
8006313;Welkers;24;50.48100;9.72254
8006454;Willmenrod;24;50.53933;7.98576
8006529;Wölfersheim-Södel;24;50.39733;8.81622
8004975;Reckweilerhof;24;49.60691;7.60913
8013247;Weesenstein;24;50.93636;13.86289
8011293;Burg Stargard (Meckl);24;53.49959;13.30322
8001277;Burgbernheim;24;49.45432;10.32022
8001971;Feldberg-Bärental;24;47.87144;8.09829
8003215;Katzweiler;24;49.50008;7.70094
8012390;Mücheln (Geiseltal);24;51.30764;11.80444
8012582;Rostock Torfbrücke;24;54.24176;12.22773
8001058;Böhmhof;24;49.05210;13.11088
8012474;Neustadt-Glewe;24;53.37764;11.59378
8005199;Rottershausen;24;50.16644;10.16633
8012941;Schwarzheide Ost;24;51.47365;13.89080
8004993;Rehweiler;24;49.48516;7.44058
8013418;Zörnigall;24;51.88294;12.73156
8011053;Arensdorf (b Köthen);24;51.70951;12.00742
8000928;Bettmannsäge;24;48.99769;13.18627
8000989;Birresborn;24;50.17641;6.62888
8001051;Bodenmais;24;49.07042;13.10108
8001414;Densborn;24;50.12392;6.60041
8011363;Dessau-Alten;24;51.82554;12.19334
8002301;Göbelnrod;24;50.59763;8.92145
8011863;Herrensee;24;52.52993;13.88658
8002813;Höchst-Hetschbach;24;49.80760;8.98320
8003356;Köditz;24;50.32889;11.84811
8003612;Lehnheim;24;50.60677;8.99209
8010231;Meinsdorf;24;51.90319;12.25637
8012354;Miltern;24;52.56334;11.93662
8004174;Mürlenbach;24;50.14878;6.60155
8004240;Nesselwang;24;47.62394;10.50442
8005658;St. Thomas;24;50.06979;6.60108
8013046;Stendal Vorbf;24;52.59584;11.87129
8005342;Usch-Zendscheid;24;50.10266;6.60295
8013217;Wallhausen (Helme);24;51.46203;11.20668
8013085;Tangermünde West;24;52.54774;11.96045
8012170;Lauenstein (Sachs);24;50.78657;13.81440
8012729;Reddelich;24;54.08524;11.84953
8011723;Groß Kiesow;24;54.01372;13.48062
8012268;Lüdersdorf (Meckl);24;53.83292;10.81514
8000890;Berg (Pfalz);24;48.98068;8.21276
8011277;Brunau-Packebusch;24;52.75127;11.48459
8012175;Lauta (Niederlausitz);24;51.44723;14.09315
8012942;Schwarzkollm;24;51.44319;14.13357
8005889;Traben-Trarbach DB;24;49.95157;7.12072
8013333;Woffleben;24;51.55597;10.72139
8003791;Lützel;24;50.96704;8.17436
8004853;Poikam;24;48.93151;12.01384
8006379;Westheim (Westf);24;51.49459;8.91025
8011335;Dachrieden;24;51.26952;10.44232
8010169;Heudeber-Danstedt;24;51.90474;10.86650
8011914;Hopfgarten (Sachs);24;51.10557;12.66269
8004919;Rahden;24;52.43290;8.62384
8013095;Tautenhain;24;51.09006;12.67911
8011095;Bärenstein (b Glashütte/Sachs);24;50.80973;13.79473
8011091;Bärenhecke-Johnsbach;24;50.82716;13.77202
8002994;Hoppingen;24;48.80382;10.65320
8003543;Langenhahn;24;50.58754;7.91463
8012555;Oertzenhof;24;53.51808;13.57312
8004677;Olsbrücken;24;49.53807;7.65276
8012897;Luckaitztal;24;51.68505;14.00170
8005972;Unnau-Korb;24;50.65417;7.88883
8001969;Feilitzsch;24;50.36432;11.93403
8003083;Ipsheim;24;49.52550;10.48576
8004936;Ramsenthal;24;50.00793;11.59333
8006281;Weilheim;24;48.02511;8.77596
8003329;Kleingemünden;24;50.06299;9.68770
8011537;Fermerswalde;24;51.64300;13.17359
8079604;Tessin West;24;54.03444;12.44257
8011011;Alt Hüttendorf;24;52.95759;13.78357
8002592;Harblek;24;54.36197;8.96265
8003208;Kating;24;54.32603;8.87228
8012378;Möringen (Altm);24;52.58166;11.74885
8005288;Sandwehle;24;54.32575;8.75848
8005826;Tating;24;54.32285;8.70951
8013110;Teutschenthal;24;51.46436;11.78274
8013194;Vinzelberg;24;52.56918;11.67196
8006148;Wakendorf;24;53.86627;10.36596
8010387;Wünschendorf (Elster);24;50.79763;12.09767
8002344;Grafenau;24;48.85617;13.39333
8005802;Sulzberg;24;47.67521;10.36393
8006155;Waldershof;24;49.98272;12.05727
8002076;Freihung;23;49.62722;11.90288
8010191;Klostermansfeld;23;51.57468;11.49190
8012143;Laage (Meckl);23;53.91960;12.33961
8006545;Wolfegg;23;47.82426;9.80866
8011005;Ahrensfelde Nord;23;52.59069;13.58198
8000352;Bad Gandersheim;23;51.86737;10.02024
8011150;Bergwitz;23;51.80370;12.57621
8001176;Brettorf;23;52.96713;8.44697
8001201;Bruchmühlen;23;52.20460;8.44864
8001417;Dernau;23;50.52965;7.04153
8001450;Dietersheim;23;49.55688;10.54310
8001548;Dottenheim;23;49.54750;10.52257
8001655;Eckersmühlen;23;49.21547;11.13795
8013480;Ferch-Lienewitz;23;52.30355;12.96407
8002086;Fresenburg;23;53.84260;10.39058
8011687;Gräfentonna;23;51.08973;10.73362
8084070;Griefstedt;23;51.23053;11.13671
8012376;Mölln (Meckl);23;53.58594;13.08451
8004724;Ottenhofen-Bergel;23;49.45579;10.35598
8004764;Peiting Nord;23;47.80156;10.92667
8004849;Pösing;23;49.22915;12.54290
8005405;Schönewörde;23;52.62818;10.63490
8013033;Steina;23;51.10336;13.02266
8013104;Teschenhagen;23;54.38937;13.37423
8006358;Wesseln;23;52.08154;10.03421
8011064;Blumberg-Rehhahn;23;52.59662;13.59195
8001106;Wildeck-Bosserode;23;50.94570;9.99300
8001123;Bramstedt (b Syke);23;52.87161;8.78602
8010291;Querfurt;23;51.38692;11.60370
8005136;Rötenbach (Baden);23;47.89283;8.29006
8001002;Bittelbronn;23;48.44440;8.58944
8001628;Ebermergen;23;48.75621;10.71096
8011446;Ebersbrunn;23;50.65137;12.44322
8010199;Lalendorf;23;53.75500;12.38642
8012321;Dorf Mecklenburg;23;53.84293;11.47134
8004583;Obersinn;23;50.20902;9.61780
8006219;Wasserburg (Günz);23;48.43838;10.26971
8011170;Bernburg-Waldau Hp;23;51.80578;11.72331
8001046;Bodelsberg;23;47.67811;10.41109
8006520;Wittmund;23;53.57987;7.78883
8013036;Steinach Süd;23;50.42305;11.16678
8003073;Ingelbach;23;50.68890;7.72621
8003229;Kemnath-Neustadt;23;49.84391;11.86226
8003830;Mallersdorf;23;48.76810;12.25690
8011489;Elxleben;23;51.04318;10.94679
8006577;Würgendorf;23;50.76001;8.14177
8006578;Würgendorf Ort;23;50.75692;8.12688
8001935;Euerdorf;23;50.14954;10.02763
8002321;Goldhausen;23;50.46142;7.87306
8012156;Langeneichstädt;23;51.34715;11.75591
8013156;Ueckermünde Stadthafen;23;53.73620;14.05223
8001290;Burglauer;23;50.27434;10.18444
8002567;Hammelburg;23;50.12004;9.88297
8003452;Kronweiler;23;49.65559;7.26242
8012436;Neu Wokern;23;53.76003;12.50092
8012498;Niederschmalkalden;23;50.71672;10.37591
8006237;Weener;23;53.16327;7.34309
8006315;Wellen (Mosel);23;49.67266;6.44132
8010094;Eibau;23;50.98650;14.64616
8002378;Bad Grönenbach;23;47.88247;10.25371
8003859;Maria Rain;23;47.63255;10.48028
8006670;Zollhaus-Petersthal;23;47.66582;10.41804
8001407;Dellfeld Ort;23;49.23887;7.47816
8011609;Geising;23;50.76070;13.78606
8004748;Palzem;23;49.56506;6.37193
8012676;Pritzerbe;23;52.49958;12.45865
8005094;Rieschweiler;23;49.24499;7.50761
8005485;Schweinsdorf;23;49.40060;10.22698
8005526;Selm-Beifang;23;51.69367;7.45461
8006252;Wehr (Mosel);23;49.58646;6.37682
8002515;Hagenbach;23;49.01628;8.25322
8012424;Nemsdorf-Göhrendorf;23;51.35777;11.66065
8000907;Bad Berleburg;23;51.05120;8.39411
8002209;Geiselhöring;23;48.82239;12.39208
8011923;Hubertushöhe;23;52.23387;13.96515
8003804;Lutum;23;51.98235;7.22644
8003887;Marktschorgast;23;50.09079;11.65353
8012400;Müllrose;23;52.24205;14.43425
8012468;Neunhofen;23;50.72434;11.71444
8004438;Nittel;23;49.65426;6.44094
8004514;Oberbillig;23;49.71016;6.51163
8004557;Obermohr;23;49.45625;7.50141
8012660;Pommritz;23;51.15901;14.57470
8005715;Steinwenden;23;49.45412;7.52420
8005835;Temmels;23;49.68848;6.46252
8006085;Vilseck;23;49.61563;11.80106
8006222;Wasserliesch;23;49.70847;6.53722
8006463;Wincheringen;23;49.60874;6.40684
8006581;Würzbach (Saar);23;49.24418;7.19344
8007482;Miesenbach;23;49.45637;7.54837
8011140;Bentwisch;23;54.11719;12.21051
8005520;Selbitz;23;50.31648;11.74840
8011550;Fohrde;23;52.48415;12.46282
8003705;Linsburg;23;52.60097;9.32564
8012840;Sandhagen (b Bad Doberan);23;54.05279;11.74091
8013084;Tangermünde;23;52.54574;11.96996
8011025;Altentreptow;23;53.69223;13.24271
8004061;Mönchengladbach-Genhausen;23;51.14808;6.32904
8012530;Oberoderwitz Oberdorf;23;50.97383;14.67872
8012973;Seelow (Mark);23;52.53820;14.39441
8005890;Trabitz;23;49.80147;11.89462
8004257;Neuburg (Rhein);23;48.99213;8.23822
8011657;Görsbach;23;51.45573;10.94179
8012898;Schöna;23;50.87590;14.23472
8000826;Baunach;23;49.98909;10.85412
8003429;Kreimbach-Kaulbach;23;49.55149;7.63130
8012410;Nachterstedt-Hoym;23;51.80291;11.33302
8012766;Riestedt;23;51.48402;11.37986
8011730;Groß Pankow;22;53.12301;12.04742
8002810;Hesseln;22;52.06840;8.31196
8012164;Langenwolmsdorf Mitte;22;51.03860;14.12733
8012352;Miesterhorst;22;52.46625;11.12018
8001760;Elsfleth;22;53.23410;8.46403
8002609;Hartershofen;22;49.41676;10.24224
8011825;Hartmannmühle;22;50.77838;13.79242
8011482;Elsholz;22;52.20405;12.95491
8003385;Königsstollen;22;50.77646;7.93458
8003488;Laberweinting;22;48.79684;12.31524
8012226;Liebenthal (Prign);22;53.15121;12.39329
8012467;Neundorf (Anh);22;51.82470;11.59376
8004546;Oberkirch-Koehlersiedlung;22;48.52484;8.08944
8005293;Sassenroth;22;50.77157;7.91525
8005166;Rosenau (b Grafenau);22;48.87413;13.40847
8011773;Grünbach;22;50.43989;12.37281
8012769;Ringleben-Gebesee;22;51.10410;10.95799
8012890;Schmölln (Oberlausitz);22;51.11975;14.22796
8000923;Besch;22;49.50439;6.37230
8000357;Bierbach;22;49.26189;7.28201
8001027;Blieskastel-Lautzkirchen;22;49.24919;7.25819
8001097;Bork (Westf);22;51.66933;7.45631
8011257;Braunsdorf-Lichtenwalde;22;50.87978;13.01185
8011264;Breitendorf;22;51.13865;14.62273
8011267;Breternitz;22;50.61631;11.40586
8011385;Dittersbach (b Frankenberg/Sachs);22;50.92684;13.06884
8000371;Einöd (Saar);22;49.26666;7.32192
8002441;Grünebach Ort;22;50.77714;7.90235
8011797;Hagebök;22;53.96126;11.61488
8002625;Hassel (Saar);22;49.26332;7.17131
8011861;Hermsdorf (b Dresden);22;51.16555;13.81535
8010176;Hornstorf;22;53.90669;11.53467
8003115;Jarrenwisch;22;54.21208;8.96290
8003326;Kleinkötz;22;48.41166;10.28850
8012129;Kummersdorf (b Storkow);22;52.27506;13.87413
8012174;Laußnitz;22;51.24825;13.87965
8004026;Miltach;22;49.16396;12.76830
8012381;Möser;22;52.21898;11.78462
8012401;München (b Bad Berka);22;50.87005;11.25460
8004127;Münchehof (Harz);22;51.84831;10.18865
8012421;Neetzka;22;53.53352;13.50084
8004236;Nennig;22;49.53874;6.37585
8004391;Niederlindhart;22;48.76251;12.23785
8012524;Obergrunstedt;22;50.95560;11.27075
8004554;Oberlindhart;22;48.75541;12.21791
8012594;Ottendorf-Okrilla Hp;22;51.18668;13.83596
8012595;Ottendorf-Okrilla Nord;22;51.19707;13.83511
8004770;Perkam;22;48.85755;12.43739
8005023;Reinsbüttel;22;54.18121;8.90665
8005067;Rheinsheim;22;49.22916;8.41597
8005259;Sallach;22;48.81127;12.36054
8005692;Steinbach a Wald;22;50.44165;11.38292
8013040;Steinhausen-Neuburg;22;53.94232;11.59633
8005737;Stockheim (Oberfr);22;50.30682;11.28213
8013089;Tannroda;22;50.86245;11.24715
8013105;Teschow;22;53.99435;11.63796
8005962;Umrathshausen Ort;22;47.80574;12.32697
8006717;Vachendorf;22;47.82681;12.32188
8013198;Vogelsang (Kr Oberhavel);22;53.03771;13.38569
8006117;Vormwald;22;50.98042;8.14309
8013268;Weixdorf;22;51.15004;13.80668
8013378;Zehdenick-Neuhof;22;53.00570;13.34578
8013413;Zoblitz;22;51.12358;14.75074
8001510;Dornstetten-Aach;22;48.47330;8.48291
8087061;Hörselgau;22;50.92338;10.57787
8011995;Kalsow;22;53.92570;11.57835
8004705;Osterode am Harz Leege;22;51.71706;10.27303
8006682;Zweibrücken-Rosengarten;22;49.25204;7.37844
8003643;Lenggries;22;47.68039;11.57354
8005352;Schirnding;22;50.07730;12.22875
8011138;Bennungen;22;51.46401;11.12299
8001259;Büsum;22;54.13382;8.86711
8001742;Elfershausen-Trimberg;22;50.14048;9.96911
8000273;Muldenberg Floßplatz;22;50.41569;12.39903
8005700;Steinefrenz;22;50.44842;7.93889
8004971;Reckendorf;22;50.01939;10.83404
8012787;Rohr (Thür);22;50.57159;10.51584
8005771;Stuttgart-Münster;22;48.82072;9.21586
8001366;Dallau;22;49.38808;9.18755
8012034;Kleinjena;22;51.18026;11.78128
8005289;Sanssouci;22;51.35366;7.87884
8012429;Roßbach;22;51.17065;11.77953
8000913;Berne;22;53.18378;8.47537
8006190;Walpertskirchen;22;48.26087;11.97042
8011038;Amsdorf;22;51.46356;11.71979
8011496;Erdeborn;22;51.46880;11.63697
8010119;Frose;22;51.79364;11.37484
8013124;Tiefenau;22;51.39069;13.41390
8013230;Wansleben am See;22;51.46242;11.74676
8002280;Girod;22;50.45433;7.90294
8006078;Vernawahlshausen;22;51.62953;9.61444
8002468;Gundelshausen;22;48.94488;12.00355
8003063;Immenreuth;22;49.91134;11.86966
8003630;Lembeck;22;51.75124;7.02548
8005423;Schopp;22;49.35887;7.68732
8005465;Schwarzenbach (b Pressath);22;49.72470;11.99290
8013092;Taubenheim (Spree);22;51.04220;14.48064
8013221;Walschleben;22;51.06788;10.95596
8000830;Bayerisch Eisenstein;22;49.12147;13.20880
8000544;Altglashütten-Falkau;22;47.85939;8.11411
8006685;Zwieselau;22;49.00676;13.27694
8002903;Wildeck-Hönebach;22;50.93543;9.94424
8003770;Ludwigsstadt;22;50.48658;11.38299
8004538;Dreikirchen;22;50.44987;7.95838
8012756;Reurieth;22;50.45979;10.65352
8005161;Ronshausen;22;50.94602;9.85443
8005576;Singlis;22;51.05861;9.32377
8013179;Vachdorf;22;50.52934;10.53853
8006183;Wallertheim;22;49.83265;8.04946
8013220;Wallwitz (Saalkr);22;51.58176;11.92108
8006533;Wörnitzstein;22;48.73198;10.71448
8000802;Barbelroth;22;49.10412;8.07031
8079083;Nohfelden;22;49.58569;7.13944
8006626;Wurmlingen Nord;22;48.00853;8.77539
8004040;Mittelsinn;22;50.19120;9.62342
8000649;Auerbach (b Mosbach);22;49.39956;9.22328
8000892;Berghausen;22;51.03304;8.35001
8000983;Birkelbach;22;51.02069;8.25286
8011801;Hainewalde;22;50.90661;14.70446
8003739;Lohnweiler;22;49.63568;7.59971
8012688;Putzkau;22;51.10312;14.23577
8004960;Raumland-Markhausen;22;51.03395;8.36824
8000464;Albersdorf;21;54.14632;9.29215
8012823;Ruppertsgrün;21;50.57502;12.17639
8006019;Sulzbachtal;21;49.52254;7.66365
8001003;Blaibach (Oberpf);21;49.16403;12.80792
8002517;Hagenbüchach;21;49.53635;10.76780
8002399;Großarmschlag;21;48.88572;13.37592
8003010;Hubacker;21;48.50740;8.13569
8003594;Lautenbach (Baden);21;48.51948;8.11607
8012681;Prösen Ost;21;51.42530;13.50053
8004931;Ramsbach Birkhof;21;48.48834;8.14567
8004932;Ramsbach Höfle;21;48.49486;8.13936
8003066;Immendingen Zimmern;21;47.93288;8.71405
8003965;Menden (Sauerland) Süd;21;51.42833;7.80780
8001890;Esens (Ostfriesl);21;53.63621;7.61621
8011726;Groß Laasch;21;53.34648;11.53414
8002724;Heinzenhausen;21;49.62560;7.60744
8002995;Hoppstädten (Nahe);21;49.61553;7.19501
8001707;Eicholzheim;21;49.43244;9.29032
8011282;Buchholz (Zauche);21;52.16757;12.92242
8012113;Krumhermsdorf;21;50.99296;14.20735
8012295;Mahlwinkel;21;52.39373;11.78882
8012014;Kläden (Kr Stendal);21;52.63781;11.65484
8013166;Uhyst;21;51.36284;14.50906
8000525;Altenfeld (Rhön);21;50.45090;9.84973
8011103;Balgstädt;21;51.20829;11.73845
8001301;Burhafe;21;53.60656;7.71107
8000978;Binolen;21;51.37198;7.85943
8011402;Domnitz (SaalKr);21;51.63522;11.83997
8011512;Ernstthal am Rennsteig;21;50.49651;11.16431
8011855;Helmsdorf (b Pirna);21;51.03421;14.04649
8002814;Hettenhausen;21;50.44840;9.81466
8011993;Karsdorf;21;51.28069;11.65577
8012053;Klosterbuch;21;51.15762;13.00406
8012163;Langenwolmsdorf;21;51.03625;14.15367
8003790;Lütter;21;50.48090;9.76554
8005083;Ried;21;50.45924;9.76976
8005131;Rönshausen;21;50.47845;9.74373
8013057;Stolpen;21;51.03705;14.08725
8006109;Volkringhausen;21;51.35989;7.87221
8006353;Wertach-Haslach;21;47.62892;10.46025
8013295;Westewitz-Hochweitzschen;21;51.13762;13.02785
8006624;Wurlitz;21;50.25319;11.99001
8012743;Reinsdorf (b Nebra);21;51.29800;11.60146
8010213;Löcknitz;21;53.45610;14.21542
8011355;Demker;21;52.51818;11.85473
8012109;Kronskamp;21;53.93356;12.31539
8002568;Hammelburg Ost;21;50.11589;9.90211
8001209;Ahrbrück;21;50.48968;6.97239
8002815;Beerfelden-Hetzbach;21;49.59490;8.99286
8004256;Neuburg (Kammel);21;48.30285;10.36564
8004652;Offensen (Kr Northeim);21;51.58889;9.67982
8013334;Wolfsgefärth;21;50.81628;12.07314
8000734;Bad Peterstal;21;48.42889;8.20195
8003035;Ibach;21;48.45512;8.16274
8003721;Löcherberg;21;48.43467;8.17225
8012623;Petergrube;21;51.09840;12.50335
8012075;Könitz (Thür);21;50.66011;11.48791
8003814;Mainroth;21;50.12066;11.31929
8005214;Rülzheim Freizeitzentrum;21;49.15159;8.27937
8002241;Germersheim Süd/Nolte;21;49.20834;8.37375
8000957;Bieren-Rödinghausen;21;52.23927;8.51696
8012492;Gernrode-Niederorschel;21;51.38322;10.41653
8006380;Westheim-Langendorf;21;50.12577;9.93275
8013348;Wülknitz;21;51.36902;13.38926
8070734;Mesch Neue Mühle;21;52.26384;8.52085
8005257;Annweiler-Sarnstall;21;49.20873;7.93719
8011544;Flechtingen;21;52.34797;11.26135
8002329;Gosberg;21;49.70446;11.10921
8013080;Syrau;21;50.54477;12.08531
8013432;Stapelburg;20;51.90028;10.67172
8011219;Bodenrode;20;51.39353;10.20855
8000969;Billenhausen;20;48.27556;10.35816
8002523;Haidenaab-Göppmannsbühl;20;49.88578;11.82005
8002856;Hirschfelden;20;48.28980;10.36229
8004215;Neckarburken;20;49.37838;9.16372
8012762;Ribnitz-Damgarten Ost;20;54.25102;12.48701
8005103;Rinnthal;20;49.21708;7.92792
8010321;Schönhausen (Elbe);20;52.59125;12.04008
8006090;Visselhövede;20;52.98006;9.56664
8003521;Langdorf;20;49.02066;13.16139
8003554;Langlau;20;49.11874;10.85935
8004933;Ramsberg;20;49.11184;10.92538
8012705;Rätzlingen;20;52.40904;11.12341
8000613;Arzberg (Oberfr);20;50.05463;12.19769
8000808;Barnten;20;52.19550;9.81528
8000933;Beuron;20;48.04879;8.97189
8001048;Bodenburg;20;52.03112;10.00133
8011455;Eggersdorf;20;51.97513;11.69595
8011665;Goldbeck (Kr Osterburg);20;52.71606;11.85815
8011409;Drahnsdorf;20;51.91539;13.58125
8005750;Straßberg-Winterlingen;20;48.17875;9.08772
8000556;Altomünster;20;48.38492;11.25513
8000651;Auersmacher;20;49.14334;7.04480
8001752;Ellzee;20;48.34214;10.33837
8002057;Frauenau;20;48.98765;13.30005
8002588;Hanweiler-Bad Rilchingen;20;49.11875;7.04999
8012233;Linda (Elster);20;51.85306;13.08518
8003877;Marktoberdorf Schule;20;47.77410;10.61000
8012680;Prösen West;20;51.42496;13.47022
8000562;Alttann;20;47.84121;9.79304
8005045;Rentweinsdorf;20;50.06009;10.81421
8013279;Joachimsthal Kaiserbahnhof;20;52.96395;13.75502
8006414;Wiesenfeld (b Coburg);20;50.30156;10.91175
8011894;Hohenleipisch;20;51.49276;13.56497
8011296;Burgkemnitz;20;51.68882;12.40717
8011571;Frenz;20;51.74919;11.89893
8012002;Kavelstorf;20;54.00708;12.19782
8003413;Kothmaißling;20;49.24291;12.72937
8012334;Mengersgereuth-Hämmern Ost;20;50.38947;11.12775
8010121;Geestgottberg;20;52.95574;11.73696
8002858;Hirschhorn (Pfalz);20;49.51559;7.68101
8002881;Hochwang;20;48.38912;10.29801
8080710;Hohen Neuendorf West;20;52.67240;13.27134
8011937;Irfersgrün;20;50.60855;12.40960
8003394;Kövenig;20;49.98121;7.11949
8003839;Manndorf;20;50.03840;10.83422
8003938;Meeder;20;50.31566;10.90684
8005014;Reil DB;20;50.02517;7.11295
8006118;Vormwald Dorf;20;50.98993;8.12721
8005071;Rheinzabern Rappengasse;20;49.11484;8.27329
8006531;Wörth Zügelstraße;20;49.05299;8.26236
8011169;Bernburg-Strenzfeld;20;51.81989;11.71764
8010170;Hockeroda;20;50.59772;11.43428
8012159;Langenorla Ost;20;50.73074;11.59245
8013159;Uder;20;51.36704;10.06215
8012046;Klitschmar;20;51.50831;12.22889
8003676;Lichtenthal;20;49.00876;13.24647
8004373;Niedererbach;20;50.42507;7.97687
8011183;Bibra;20;50.46876;10.44433
8002976;Holzhausen (Kr Siegen);20;50.73932;8.13550
8012088;Kraftsdorf;20;50.87808;11.93085
8004235;Nendingen (b Tuttlingen);20;48.00958;8.85405
8012611;Passow (Uckermark);20;53.14870;14.10137
8004807;Pfronten-Steinach;20;47.56611;10.57457
8005723;Stetten (Donau);20;48.02281;8.87235
8003323;Kleinensiel;19;53.44474;8.47601
8005569;Silbach;19;51.22367;8.48112
8011228;Bösdorf (Sachs-Anh);19;52.42210;11.06415
8001331;Chamerau;19;49.19672;12.74526
8012532;Oberröblingen (Helme);19;51.44114;11.29707
8012852;Schalkau;19;50.40055;11.00173
8006194;Essen-Horst;19;51.43121;7.10274
8012141;Kyhna;19;51.51107;12.26588
8003148;Kaisersesch;19;50.23210;7.12957
8006270;Wüsting;19;53.11812;8.33725
8011746;Großengottern;19;51.14450;10.55604
8011994;Karstädt;19;53.16068;11.73862
8003086;Irrenlohe;19;49.36278;12.10138
8011646;Gnevkow;19;53.79290;13.17467
8004250;Neubäu;19;49.23986;12.43647
8000672;Außenried;19;49.01576;13.18176
8011718;Groß Brütz;19;53.65309;11.25144
8002827;Hildbrandsgrün;19;50.21037;11.72832
8002992;Hoppecke;19;51.37806;8.64006
8003722;Lödingsen;19;51.58920;9.79103
8005967;Unfriedsdorf;19;50.19954;11.75258
8006588;Wüstenselbitz;19;50.21842;11.70955
8004777;Petershagen-Lahde;19;52.36803;9.00981
8004935;Ramsen;19;49.53519;8.02256
8011962;Joachimsthal;19;52.98038;13.74947
8012160;Langenorla West;19;50.74188;11.57966
8000335;Leese-Stolzenau;19;52.50947;9.11013
8011460;Eichstedt (Altm);19;52.67485;11.85490
8012654;Pölchow;19;54.01103;12.12113
8012723;Rauenstein (Thür);19;50.41225;11.04749
8013138;Treben-Lehma;19;51.04693;12.44095
8013373;Zarrendorf;19;54.24075;13.08003
8007357;Urmersbach;19;50.25591;7.13185
8011172;Bernterode;19;51.40546;10.47995
8013329;Wölfershausen;19;50.49151;10.43659
8011891;Hohenebra Ort;19;51.30607;10.80950
8013250;Wegenstedt;19;52.38708;11.20888
8003663;Leuterschach;19;47.74564;10.58122
8012737;Rehna;19;53.77426;11.04975
8011178;Beuren;19;51.37713;10.27903
8003338;Klingenbrunn;19;48.94470;13.33618
8013315;Wingerode;19;51.38971;10.24051
8010398;Zwotental;19;50.36207;12.36383
8087039;Attendorn Hohen-Hagen;19;51.09016;7.85528
8004183;Munster (Örtze);19;52.99331;10.09649
8012036;Kleinröhrsdorf;18;51.13461;13.99018
8003276;Kirchhammelwarden;18;53.30566;8.47523
8011578;Friedrichroda;18;50.86215;10.57668
8013069;Strohkirchen;18;53.39839;11.31846
8011433;Drohndorf-Mehringen;18;51.72169;11.51565
8002594;Hardegsen;18;51.65902;9.82603
8011900;Hohenroda;18;51.49903;12.42143
8012839;Sandförde;18;53.56398;13.97127
8011750;Großfurra;18;51.39888;10.80282
8011838;Hedersleben-Wedderstedt;18;51.84469;11.25077
8013244;Wasserthaleben;18;51.25846;10.89029
8006449;Willebadessen;18;51.62176;9.01165
8001435;Diebach;18;50.12868;9.83766
8000606;Arnschwang;18;49.27461;12.81160
8011951;Jasnitz;18;53.38639;11.37406
8012107;Krölpa-Ranis;18;50.67706;11.54342
8012757;Reußen;18;51.50320;12.13435
8013160;Uebigau;18;51.58542;13.29652
8003111;Jagstzell;18;49.03124;10.09882
8010317;Schönberg (Vogtl);18;50.52843;11.96126
8013402;Zielitz;18;52.29629;11.68021
8000860;Beldorf;18;54.12527;9.35622
8003101;Ittlingen;18;49.18712;8.93458
8005077;Richen (b Eppingen);18;49.16785;8.93655
8005365;Schlierbach (Kr Schwalm-Eder);18;50.96878;9.20144
8010273;Plaaz;18;53.84046;12.33772
8012710;Rakow;18;54.04816;13.04594
8005371;Schluchsee;18;47.81687;8.17713
8011302;Buschow;18;52.59220;12.62900
8011462;Eickendorf;18;51.94675;11.67688
8013072;Subzin-Liessow;18;53.89192;12.34762
8000756;Bad Steben;18;50.36509;11.64677
8011098;Bahnsdorf;18;51.58174;14.11229
8003256;Kinding (Altmühltal);18;48.99138;11.37850
8012487;Niedergörsdorf;18;51.96793;12.97893
8006264;Weiding;18;49.25572;12.77699
8011106;Ballstädt (Kr Gotha);18;51.04075;10.70767
8011567;Freienorla;18;50.77138;11.54014
8012316;Martensdorf;18;54.30092;12.93025
8013251;Weida Mitte;18;50.77651;12.05561
8002432;Großwalbur;18;50.32719;10.84928
8012856;Scharstorf;18;53.97008;12.24585
8012947;Schweinsburg-Culten;18;50.78714;12.36959
8000060;Siershahn;18;50.48586;7.77138
8000686;Bachheim;18;47.86207;8.39940
8011068;Bad Brambach;18;50.21759;12.31141
8000889;Bergenweiler;18;48.57630;10.27288
8002341;Gräfendorf;18;50.11828;9.73716
8004013;Michelaubrück;18;50.11671;9.76768
8005190;Rothenburg ob der Tauber;18;49.37669;10.19070
8005963;Unadingen;18;47.88117;8.39789
8006257;Weickersgrüben;18;50.10707;9.78255
8013318;Wipperdorf;18;51.45296;10.66106
8006554;Wolfsmünster;18;50.09451;9.73489
8000445;Soltendieck;18;52.87421;10.76142
8002664;Hausen (Schwab);18;48.10100;10.48252
8005674;Stammbach;18;50.15463;11.70489
8002254;Gersfeld (Rhön);17;50.44941;9.91485
8011481;Elmenhorst;17;54.21020;13.07401
8011611;Gelbensande;17;54.19870;12.30481
8011908;Holdorf (Meckl);17;53.73480;11.06570
8012269;Lüssow (Meckl);17;53.84372;12.13786
8004090;Morlesau;17;50.11715;9.79907
8013051;Sternfeld;17;53.82478;13.15042
8013177;Utzedel;17;53.86072;13.11622
8013322;Wittenhagen;17;54.18400;13.05605
8013360;Wurzbach (Thür);17;50.46617;11.54313
8012047;Klitten;17;51.34873;14.58945
8012512;Nohra (Wipper);17;51.44304;10.69848
8000365;Dombühl;17;49.25211;10.29852
8012033;Kleinfurra;17;51.41741;10.76320
8012961;Seebach (Kr Mühlhausen);17;51.17001;10.52119
8013039;Steinfeld (b Stendal);17;52.61473;11.72862
8006473;Windsbach;17;49.24969;10.82572
8010048;Birkungen;17;51.36631;10.33074
8012362;Mistorf;17;53.88050;12.12304
8012943;Schwedt (Oder);17;53.06307;14.29051
8011179;Beutersitz;17;51.59036;13.36072
8011643;Glückauf;17;51.38970;10.82837
8012770;Ritschenhausen;17;50.51286;10.42951
8013345;Woltersdorf (Nuthe-Urstromtal);17;52.11736;13.19528
8010061;Bretleben;17;51.34074;11.24084
8012092;Kranichfeld;17;50.85634;11.20322
8000492;Allendorf (Dillkr);17;50.74381;8.18549
8011834;Hausen;17;51.38252;10.37917
8006646;Mainhausen Zellhausen;17;50.01616;8.96995
8011215;Bobitz;17;53.80453;11.36280
8013202;Voigtstedt;17;51.39163;11.30682
8011442;Dütschow;17;53.40194;11.67857
8011924;Huckstorf;17;53.98448;12.11603
8012603;Papendorf;17;54.03660;12.13732
8011397;Dörrberg;17;50.73535;10.79867
8005112;Bad Rodach (b Coburg);17;50.33699;10.77839
8012418;Nechlin;17;53.44093;13.90288
8012428;Netzeband;16;52.99556;12.62810
8012552;Oehna;16;51.93305;13.04820
8012583;Graal-Müritz;16;54.24878;12.24539
8006112;Volpriehausen;16;51.66097;9.73782
8000436;Aha;16;47.83322;8.13435
8011311;Casekow;16;53.21361;14.20819
8011210;Blönsdorf;16;51.95541;12.89557
8013396;Zeulenroda unt Bf;16;50.65938;12.01135
8011029;Ammern;16;51.23335;10.45809
8011185;Bienenmühle;16;50.74040;13.52853
8005189;Rothenbürg;16;50.31056;11.77313
8005747;Storzingen;16;48.13488;9.12708
8011453;Effelder (Thür);16;50.37987;11.07585
8012322;Medewitz (Mark);16;52.06071;12.39183
8004930;Rammingen;16;48.51247;10.19108
8012984;Seltendorf;16;50.38690;11.06410
8012021;Klein Bünzow;16;53.92507;13.62031
8012968;Seehausen (Uckermark);16;53.22137;13.88420
8003144;Hesseneck-Kailbach;16;49.53934;9.07748
8012213;Leutenberg;16;50.56482;11.44786
8012300;Mansfeld (Südharz);16;51.60032;11.45209
8013171;Unterloquitz;16;50.58045;11.39198
8006330;Wendisch Evern;16;53.21764;10.46278
8000621;Aschau (Chiemgau);16;47.77911;12.32556
8012333;Mengersgereuth-Hämmern;16;50.39289;11.11830
8004456;Nordhastedt;16;54.16838;9.18351
8011438;Ducherow;16;53.76613;13.79602
8011536;Ferdinandshof;16;53.66009;13.88191
8010201;Langhagen;16;53.68094;12.42522
8012703;Wustrau-Radensleben;16;52.85726;12.89727
8001249;Büdingen (Westerwald);16;50.62475;7.89590
8004207;Nassenbeuren;16;48.07807;10.50380
8005572;Simmelsdorf-Hüttenbach;16;49.59846;11.34167
8013384;Zellendorf;16;51.89431;13.06685
8011344;Dannenwalde (Gransee);16;53.07976;13.18080
8002733;Helmbrechts;16;50.23380;11.72435
8011449;Eckardtsleben;16;51.06609;10.68212
8011754;Großneuhausen;16;51.16452;11.28616
8011766;Großwudicke;16;52.59043;12.23113
8012919;Schönstedt;16;51.12075;10.58582
8010354;Unterlemnitz;16;50.46934;11.62384
8005393;Hesseneck-Schöllenbach;16;49.56592;9.06746
8011563;Frauenhain;16;51.38422;13.50364
8013201;Voigtsgrün;16;50.63402;12.42654
8013238;Warnitz (Uckermark);16;53.18203;13.87668
8013368;Zabeltitz;16;51.34894;13.51569
8011672;Golzow (Oderbruch);15;52.56253;14.51181
8012407;Mulda (Sachs);15;50.80900;13.41315
8011564;Freckleben;15;51.70237;11.54413
8000755;Bad St Peter-Ording;15;54.31729;8.61474
8013393;Zerrenthin;15;53.49939;14.09789
8011054;Arenshausen;15;51.37506;9.96856
8001801;Enspel;15;50.61641;7.88235
8000440;Schnega;15;52.86906;10.89039
8011983;Kämmereiforst;15;51.47615;12.54119
8010400;Neukirch (Lausitz) West;15;51.08430;14.27066
8012470;Neusalza-Spremberg;15;51.03425;14.52625
8012619;Peißen;15;51.50081;12.05964
8005184;Rotenhain;15;50.60162;7.89337
8001185;Brockhöfe;15;53.00212;10.25850
8011019;Kurort Altenberg (Erzgeb);15;50.76630;13.75363
8005502;Seebrugg;15;47.80352;8.19111
8013090;Tantow;15;53.26928;14.34793
8013210;Walddrehna;15;51.77272;13.61725
8002205;Geigant;15;49.32335;12.68142
8011674;Gorgast;15;52.56313;14.55064
8011336;Dachwig;15;51.07244;10.84969
8001645;Ebstorf (Kr Uelzen);15;53.01719;10.41695
8002020;Förtschendorf;15;50.39290;11.35013
8012225;Lichtentanne (Thür);15;50.52438;11.48161
8011520;Etzleben;14;51.25808;11.18113
8011014;Alt Rosenthal;14;52.55040;14.27863
8011065;Bachfeld;14;50.40577;10.98245
8011796;Hämerten;14;52.59902;11.97177
8004780;Pfaffenhausen;14;48.11779;10.45182
8005686;Stegenwaldhaus;14;50.31626;11.79681
8000324;Boppard Süd;14;50.23020;7.59552
8012537;Obersdorf;14;52.53697;14.16786
8004707;Osterstedt;14;54.10222;9.57545
8002467;Gundelsdorf;14;50.27992;11.30146
8012412;Nassau (Erzgeb);14;50.76960;13.48577
8005388;Schnelldorf;14;49.19432;10.17848
8011603;Gehlberg;14;50.68377;10.76935
8012007;Kiebitzhöhe;14;51.18104;11.20356
8012093;Kratzeburg;14;53.42780;12.94163
8001179;Krumbach (Schwab) Schule;14;48.23542;10.36116
8012918;Schönow (Uckermark);14;53.18495;14.15381
8013141;Trebnitz (Mark);14;52.53826;14.21650
8010035;Berlin-Karlshorst;14;52.47979;13.52795
8013002;Sohl;14;50.27566;12.28244
8012220;Lichtenberg (Erzgeb);14;50.84018;13.40375
8003878;Markt Erlbach;14;49.49267;10.65845
8013011;Sonneberg (Thür) West;14;50.36803;11.15907
8011791;Guthmannshausen;14;51.13237;11.36570
8012509;Nöbdenitz;14;50.87891;12.28066
8000482;Aletshausen;14;48.20131;10.38363
8011205;Blankensee (Meckl);14;53.40817;13.26291
8001147;Breitenbrunn (Schwab);14;48.13859;10.40850
8011307;Cammin (Meckl);14;53.43903;13.29964
8002651;Haupeltshofen;14;48.18047;10.38243
8012250;Lohsa;14;51.37417;14.40414
8003749;Loppenhausen;14;48.16251;10.39091
8004401;Niederraunau;14;48.22134;10.37450
8012628;Petershain;14;51.31654;14.75124
8000328;Schnabelwaid;14;49.81045;11.59566
8006279;Weilbach;14;48.12600;10.42962
8006660;Zillendorf;14;49.34548;12.67324
8010074;Cranzahl;14;50.51125;12.99303
8011408;Dossow (Prign);14;53.12121;12.52089
8011667;Gollmitz (Niederlausitz);14;51.70334;13.88383
8011689;Grambow;14;53.41738;14.34746
8000707;Bad Griesbach;14;48.44862;8.23057
8011594;Gangloffsömmern;14;51.19147;10.95486
8012661;Ponitz;13;50.85778;12.41666
8011027;Altenwillershagen;13;54.25941;12.57282
8011115;Barthmühle;13;50.55796;12.16368
8011281;Buchenhorst;13;54.26821;12.71268
8011488;Elsterberg Kunstseidenwerk;13;50.60502;12.15980
8011572;Fretzdorf;13;53.06511;12.54585
8011895;Hohenleuben;13;50.70269;12.03640
8004332;Neustadt (Waldnaab);13;49.72592;12.16834
8012751;Rentzschmühle;13;50.57501;12.15781
8013222;Walsleben;13;52.94704;12.67903
8013352;Wüstenfelde;13;54.23027;13.13961
8011039;Amtshainersdorf;13;50.96632;14.23236
8013168;Ulbersdorf;13;50.95562;14.21980
8000834;Bayrischzell;13;47.67555;12.01116
8002019;Förbau;13;50.20752;11.91069
8012615;Paulinzella;13;50.70111;11.10596
8006134;Waffenbrunn;13;49.26154;12.67503
8012651;Plüschow;13;53.83706;11.28585
8010044;Berthelsdorf (Erzgeb);13;50.87559;13.36361
8006455;Willmering;13;49.24657;12.67007
8013370;Zachun;13;53.50265;11.32450
8012009;Kirch Jesar;13;53.44860;11.26332
8004771;Perl;13;49.47316;6.36932
8013106;Tessin;13;54.03202;12.46261
8011702;Grieben (Meckl);13;53.85123;11.06857
8011953;Jeeser;13;54.16455;13.25880
8012205;Letschin;13;52.63273;14.34745
8012252;Loitsch-Hohenleuben;13;50.73403;12.04828
8012604;Papiermühle (Kr Stadtroda);13;50.88531;11.79018
8005852;Thann-Matzbach;13;48.26651;12.04746
8013254;Weida Altstadt;13;50.76787;12.05846
8080280;Delitzsch ob Bf;12;51.51970;12.34639
8000784;Balbersdorf;12;49.29044;12.68306
8001629;Ebern;12;50.09416;10.79672
8012816;Rückersdorf;12;51.56736;13.57428
8010067;Bufleben;12;50.99768;10.70906
8002656;Hausen i Tal;12;48.08041;9.02757
8012724;Raun;12;50.25988;12.29325
8012384;Moidentin;12;53.80607;11.48192
8004344;Niedaltdorf;12;49.34354;6.59405
8012500;Niederspier;12;51.29010;10.84823
8002436;Grub (Oberpf);12;49.35786;12.68165
8012627;Petershagen (Uckermark);12;53.23998;14.25235
8012719;Rathmannsdorf (Kr Pirna);12;50.92704;14.13084
8012854;Schalkau-Mitte;12;50.39662;11.00869
8012914;Schönfließ Dorf;12;52.43703;14.47281
8012016;Klasdorf Glashütte;12;52.02138;13.54371
8000827;Bavendorf;12;53.18747;10.62954
8012475;Neutrebbin;12;52.67633;14.23704
8011676;Goßdorf-Kohlmühle;11;50.94117;14.16465
8012067;Königsbrück;11;51.26017;13.89986
8012662;Porschdorf (Kr Pirna);11;50.94318;14.13858
8011820;Harra;11;50.41848;11.68601
8012610;Pasewalk Ost;11;53.50957;14.00931
8005545;Seulbitz;11;50.20982;11.86877
8002480;Gutach Freilichtmuseum;11;48.27168;8.19857
8011315;Clausnitz;10;50.75584;13.49860
8003340;Kloster Marienthal;10;50.73865;7.66853
8000904;Beringhausen;10;51.40777;8.75141
8001360;Dahlenburg;10;53.16927;10.70880
8017041;Griesen (Oberbay);10;47.47822;10.94612
8011821;Harra Nord;10;50.42917;11.67469
8003998;Messinghausen;10;51.39319;8.67977
8012727;Rechenberg;10;50.73393;13.55990
8010124;Reinsdorf (b Artern);10;51.34227;11.28605
8001372;Dannenberg Ost;10;53.10500;11.11773
8011790;Gutenfürst;10;50.41880;11.96092
8003414;Meckenheim Kottenforst;10;50.66241;7.02268
8002373;Grießen (Baden);10;47.62843;8.39600
8013349;Wünschendorf (Elster) Nord;10;50.81744;12.07795
8011206;Blankenstein (Saale);9;50.40114;11.69806
8002304;Göhrde;9;53.16775;10.85112
8012734;Rehfeld (b Falkenberg/Elster);9;51.57973;13.15333
8006058;Vastorf;9;53.19905;10.55556
8006163;Waldmünchen;8;49.37789;12.69601
8002865;Hitzacker;8;53.13916;11.03820
8013319;Wippra;8;51.57662;11.28160
8004227;Neetzendorf;8;53.16378;10.76058
8011912;Holzhau;7;50.73414;13.59186
8012759;Reuth (b Plauen/Vogtl);7;50.47586;11.95434
8005139;Röthenbach (Oberpf);7;49.62354;11.99558
8004903;Puttgarden;7;54.50037;11.22672
8003628;Leitstade;7;53.16914;10.91278
8087020;Vechta Stoppelmarkt;6;52.74837;8.29205
8001732;Eiswoog;6;49.51658;7.98356
8002075;Freihöls;6;49.40154;12.01936
8006258;Weidenbach;6;48.25412;12.34732
8011586;Friesdorf;6;51.58946;11.30209
8011587;Friesdorf Ost;6;51.59782;11.32343
8012927;Schüptitz;5;50.72276;12.02987
8011709;Grobau;5;50.43230;11.94391
8002707;Heimbach (Nahe);4;49.61768;7.23105
8013182;Vatterode;4;51.59754;11.42930
8005801;Sulzbach-Rosenberg Hütte;4;49.48904;11.77530
8005855;Thansüß;4;49.62226;11.93784
8011450;Eckartsberga (Thür);3;51.10784;11.55455
8001932;Etzenricht;3;49.62882;12.09829
8011119;Bebitz;3;51.72414;11.76397
8012127;Kummerow (b Stralsund);2;54.29833;12.88462
8011187;Biesenrode;1;51.60398;11.38509
8011853;Helenesee;1;52.27876;14.47822
8011685;Gräfenstuhl-Klippmühle;0;51.60215;11.40424
8005272;Duisburg-Entenfang;0;51.37712;6.81342
8079147;Hinterweidenthal Ost;0;49.20313;7.77305
8012570;Osternienburg;0;51.78352;12.03059
8004967;Rech;0;50.51543;7.03651
8003911;Maximiliansau im Rüsten;0;49.03488;8.27942
8006673;Euskirchen Zuckerfabrik;0;50.65713;6.81324
8079152;Vatteröder Teich;0;51.59811;11.41218
8010204;Klostermansfeld Randsiedlung;0;51.59109;11.49851
